Workbook

Sheet Data Diri
H6: Nama | J6: (isi dengan nama lengkap)
H7: No. HP | J7: (isi dengan nomor handphone yang terhubung dengan WhatsApp)
H8: Email | J8: (isi dengan email aktif)

Sheet Data_Acuan
A1: HOSPITAL "SVTCARATDEUL"
A2: Jl.Pavilion No.10, Ruyi, Selatan
A5: No | B5: Kode Kamar Inap | C5: Jenis Kamar Inap | D5: Biaya Tarif Kamar/hari | E5: Tarif Dokter | H5: Kode Penyakit | J5: 1 | K5: 2 | L5: 3 | M5: 4 | N5: 5
H6: Jenis Penyakit | J6: Pneumonia (Radang Paru-paru) | K6: Demam Berdarah Dengue (DBD) | L6: Typus (Tifoid) | M6: Gagal Ginjal | N6: Pasca Operasi Caesar
E7: Ringan | F7: Berat | H7: Biaya Obat | J7: 350000 | K7: 300000 | L7: 250000 | M7: 600000 | N7: 500000
A8: 1 | B8: A00 | C8: VIP | D8: 1200000 | E8: 300000 | F8: 600000
A9: 2 | B9: B01 | C9: Kelas 1 | D9: 750000 | E9: 350000 | F9: 500000
A10: 3 | B10: C02 | C10: Kelas 2 | D10: 500000 | E10: 200000 | F10: 450000
A11: 4 | B11: D03 | C11: Kelas 3 | D11: 250000 | E11: 150000 | F11: 350000

Sheet Soal
A1: HOSPITAL "SVTCARATDEUL"
A2: Jl.Pavilion No.10, Ruyi, Selatan
A3: Daftar Pasien Rawat Inap
A5: NO | B5: ID PASIEN | C5: NAMA PASIEN | D5: JENIS KELAMIN | E5: TTL PASIEN | F5: USIA | G5: ALAMAT | H5: KODE KAMAR | I5: JENIS KAMAR | J5: JENIS KATEGORI PENYAKIT | K5: TANGGAL MASUK | L5: TANGGAL KELUAR | M5: LAMA INAP | N5: BIAYA PERAWATAN INAP | O5: BIAYA OBAT-OBATAN | P5: TARIF DOKTER | Q5: BIAYA TOTAL (AWAL) | R5: JENIS TANGGUNGAN | S5: TOTAL TAGIHAN
A7: 1 | B7: Jl-L-15/04/1990-B | C7: LOKA WIRANTA | D7: =MID(B7,4,1) -> L | E7: =MID(B7,6,10) -> 15/04/1990 | F7: =DATEDIF(E7,TODAY(),"Y")&" Tahun" -> 35 Tahun | G7: =CONCATENATE(E7,"_",B7) -> 15/04/1990_Jl-L-15/04/1990-B | H7: D03-B-01/05/25-1R | I7: =INDEX(Data_Acuan!$C$8:$C$11,MATCH(LEFT(Soal!H7,3),Data_Acuan!$B$8:$B$11,0)) -> Kelas 3 | J7: =CONCATENATE(HLOOKUP(MID(H7,16,1),Data_Acuan!$H$5:$N$7,2,0)&" - "&IF(RIGHT(H7,1)="R","Ringan","Berat")) -> Pneumonia (Radang Paru-paru) - Ringan | K7: =MID(H7,7,8) -> 01/05/25 | L7: {=_xlfn.IFS(RIGHT(J7,6)="Ringan",K7+3,RIGHT(J7,5)="Berat",K7+7)} -> 45781 | M7: =L7-K7&" Hari" -> 3 Hari | N7: =VLOOKUP(I7,Data_Acuan!$C$8:$F$11,2,0)*LEFT(M7,1) -> 750000 | O7: =HLOOKUP(MID(H7,16,1),Data_Acuan!$H$5:$N$7,3,0) -> 350000 | P7: =INDEX(Data_Acuan!$E$8:$F$11,MATCH(Soal!I7,Data_Acuan!$C$8:$C$11,0),MATCH(IF(RIGHT(H7,1)="R","Ringan","Berat"),Data_Acuan!$E$7:$F$7,0)) -> 150000 | Q7: =SUM(N7:P7) -> 1250000 | R7: =IF(RIGHT(B7,1)="B","BPJS","Mandiri") -> BPJS | S7: {=_xlfn.IFS(R7="BPJS",(20%*(N7+O7)+P7+Q7*10%),R7="Mandiri",SUM(N7:P7)+Q7*10%)} -> 495000
A8: 2 | B8: Jl-P-22/09/1996-M | C8: HANA LIN | D8: =MID(B8,4,1) -> P | E8: =MID(B8,6,10) -> 22/09/1996 | F8: =DATEDIF(E8,TODAY(),"Y")&" Tahun" -> 29 Tahun | G8: =CONCATENATE(E8,"_",B8) -> 22/09/1996_Jl-P-22/09/1996-M | H8: B01-M-01/05/25-2B | I8: =INDEX(Data_Acuan!$C$8:$C$11,MATCH(LEFT(Soal!H8,3),Data_Acuan!$B$8:$B$11,0)) -> Kelas 1 | J8: =CONCATENATE(HLOOKUP(MID(H8,16,1),Data_Acuan!$H$5:$N$7,2,0)&" - "&IF(RIGHT(H8,1)="R","Ringan","Berat")) -> Demam Berdarah Dengue (DBD) - Berat | K8: =MID(H8,7,8) -> 01/05/25 | L8: {=_xlfn.IFS(RIGHT(J8,6)="Ringan",K8+3,RIGHT(J8,5)="Berat",K8+7)} -> 45785 | M8: =L8-K8&" Hari" -> 7 Hari | N8: =VLOOKUP(I8,Data_Acuan!$C$8:$F$11,2,0)*LEFT(M8,1) -> 5250000 | O8: =HLOOKUP(MID(H8,16,1),Data_Acuan!$H$5:$N$7,3,0) -> 300000 | P8: =INDEX(Data_Acuan!$E$8:$F$11,MATCH(Soal!I8,Data_Acuan!$C$8:$C$11,0),MATCH(IF(RIGHT(H8,1)="R","Ringan","Berat"),Data_Acuan!$E$7:$F$7,0)) -> 500000 | Q8: =SUM(N8:P8) -> 6050000 | R8: =IF(RIGHT(B8,1)="B","BPJS","Mandiri") -> Mandiri | S8: {=_xlfn.IFS(R8="BPJS",(20%*(N8+O8)+P8+Q8*10%),R8="Mandiri",SUM(N8:P8)+Q8*10%)} -> 6655000
A9: 3 | B9: Jl-P-03/05/1992-B | C9: SANITA VELORA | D9: =MID(B9,4,1) -> P | E9: =MID(B9,6,10) -> 03/05/1992 | F9: =DATEDIF(E9,TODAY(),"Y")&" Tahun" -> 33 Tahun | G9: =CONCATENATE(E9,"_",B9) -> 03/05/1992_Jl-P-03/05/1992-B | H9: C02-B-01/05/25-2R | I9: =INDEX(Data_Acuan!$C$8:$C$11,MATCH(LEFT(Soal!H9,3),Data_Acuan!$B$8:$B$11,0)) -> Kelas 2 | J9: =CONCATENATE(HLOOKUP(MID(H9,16,1),Data_Acuan!$H$5:$N$7,2,0)&" - "&IF(RIGHT(H9,1)="R","Ringan","Berat")) -> Demam Berdarah Dengue (DBD) - Ringan | K9: =MID(H9,7,8) -> 01/05/25 | L9: {=_xlfn.IFS(RIGHT(J9,6)="Ringan",K9+3,RIGHT(J9,5)="Berat",K9+7)} -> 45781 | M9: =L9-K9&" Hari" -> 3 Hari | N9: =VLOOKUP(I9,Data_Acuan!$C$8:$F$11,2,0)*LEFT(M9,1) -> 1500000 | O9: =HLOOKUP(MID(H9,16,1),Data_Acuan!$H$5:$N$7,3,0) -> 300000 | P9: =INDEX(Data_Acuan!$E$8:$F$11,MATCH(Soal!I9,Data_Acuan!$C$8:$C$11,0),MATCH(IF(RIGHT(H9,1)="R","Ringan","Berat"),Data_Acuan!$E$7:$F$7,0)) -> 200000 | Q9: =SUM(N9:P9) -> 2000000 | R9: =IF(RIGHT(B9,1)="B","BPJS","Mandiri") -> BPJS | S9: {=_xlfn.IFS(R9="BPJS",(20%*(N9+O9)+P9+Q9*10%),R9="Mandiri",SUM(N9:P9)+Q9*10%)} -> 760000
A10: 4 | B10: Jl-P-17/01/1998-M | C10: VANYA RUSELINA | D10: =MID(B10,4,1) -> P | E10: =MID(B10,6,10) -> 17/01/1998 | F10: =DATEDIF(E10,TODAY(),"Y")&" Tahun" -> 28 Tahun | G10: =CONCATENATE(E10,"_",B10) -> 17/01/1998_Jl-P-17/01/1998-M | H10: A00-M-02/05/25-3B | I10: =INDEX(Data_Acuan!$C$8:$C$11,MATCH(LEFT(Soal!H10,3),Data_Acuan!$B$8:$B$11,0)) -> VIP | J10: =CONCATENATE(HLOOKUP(MID(H10,16,1),Data_Acuan!$H$5:$N$7,2,0)&" - "&IF(RIGHT(H10,1)="R","Ringan","Berat")) -> Typus (Tifoid) - Berat | K10: =MID(H10,7,8) -> 02/05/25 | L10: {=_xlfn.IFS(RIGHT(J10,6)="Ringan",K10+3,RIGHT(J10,5)="Berat",K10+7)} -> 45786 | M10: =L10-K10&" Hari" -> 7 Hari | N10: =VLOOKUP(I10,Data_Acuan!$C$8:$F$11,2,0)*LEFT(M10,1) -> 8400000 | O10: =HLOOKUP(MID(H10,16,1),Data_Acuan!$H$5:$N$7,3,0) -> 250000 | P10: =INDEX(Data_Acuan!$E$8:$F$11,MATCH(Soal!I10,Data_Acuan!$C$8:$C$11,0),MATCH(IF(RIGHT(H10,1)="R","Ringan","Berat"),Data_Acuan!$E$7:$F$7,0)) -> 600000 | Q10: =SUM(N10:P10) -> 9250000 | R10: =IF(RIGHT(B10,1)="B","BPJS","Mandiri") -> Mandiri | S10: {=_xlfn.IFS(R10="BPJS",(20%*(N10+O10)+P10+Q10*10%),R10="Mandiri",SUM(N10:P10)+Q10*10%)} -> 10175000
A11: 5 | B11: Jl-L-10/12/1987-M | C11: REZA TARMOKO | D11: =MID(B11,4,1) -> L | E11: =MID(B11,6,10) -> 10/12/1987 | F11: =DATEDIF(E11,TODAY(),"Y")&" Tahun" -> 38 Tahun | G11: =CONCATENATE(E11,"_",B11) -> 10/12/1987_Jl-L-10/12/1987-M | H11: A00-M-03/05/25-4B | I11: =INDEX(Data_Acuan!$C$8:$C$11,MATCH(LEFT(Soal!H11,3),Data_Acuan!$B$8:$B$11,0)) -> VIP | J11: =CONCATENATE(HLOOKUP(MID(H11,16,1),Data_Acuan!$H$5:$N$7,2,0)&" - "&IF(RIGHT(H11,1)="R","Ringan","Berat")) -> Gagal Ginjal - Berat | K11: =MID(H11,7,8) -> 03/05/25 | L11: {=_xlfn.IFS(RIGHT(J11,6)="Ringan",K11+3,RIGHT(J11,5)="Berat",K11+7)} -> 45787 | M11: =L11-K11&" Hari" -> 7 Hari | N11: =VLOOKUP(I11,Data_Acuan!$C$8:$F$11,2,0)*LEFT(M11,1) -> 8400000 | O11: =HLOOKUP(MID(H11,16,1),Data_Acuan!$H$5:$N$7,3,0) -> 600000 | P11: =INDEX(Data_Acuan!$E$8:$F$11,MATCH(Soal!I11,Data_Acuan!$C$8:$C$11,0),MATCH(IF(RIGHT(H11,1)="R","Ringan","Berat"),Data_Acuan!$E$7:$F$7,0)) -> 600000 | Q11: =SUM(N11:P11) -> 9600000 | R11: =IF(RIGHT(B11,1)="B","BPJS","Mandiri") -> Mandiri | S11: {=_xlfn.IFS(R11="BPJS",(20%*(N11+O11)+P11+Q11*10%),R11="Mandiri",SUM(N11:P11)+Q11*10%)} -> 10560000
A12: 6 | B12: Jl-L-01/01/2000-B | C12: DARGO MAWESTA | D12: =MID(B12,4,1) -> L | E12: =MID(B12,6,10) -> 01/01/2000 | F12: =DATEDIF(E12,TODAY(),"Y")&" Tahun" -> 26 Tahun | G12: =CONCATENATE(E12,"_",B12) -> 01/01/2000_Jl-L-01/01/2000-B | H12: C02-B-05/05/25-4R | I12: =INDEX(Data_Acuan!$C$8:$C$11,MATCH(LEFT(Soal!H12,3),Data_Acuan!$B$8:$B$11,0)) -> Kelas 2 | J12: =CONCATENATE(HLOOKUP(MID(H12,16,1),Data_Acuan!$H$5:$N$7,2,0)&" - "&IF(RIGHT(H12,1)="R","Ringan","Berat")) -> Gagal Ginjal - Ringan | K12: =MID(H12,7,8) -> 05/05/25 | L12: {=_xlfn.IFS(RIGHT(J12,6)="Ringan",K12+3,RIGHT(J12,5)="Berat",K12+7)} -> 45785 | M12: =L12-K12&" Hari" -> 3 Hari | N12: =VLOOKUP(I12,Data_Acuan!$C$8:$F$11,2,0)*LEFT(M12,1) -> 1500000 | O12: =HLOOKUP(MID(H12,16,1),Data_Acuan!$H$5:$N$7,3,0) -> 600000 | P12: =INDEX(Data_Acuan!$E$8:$F$11,MATCH(Soal!I12,Data_Acuan!$C$8:$C$11,0),MATCH(IF(RIGHT(H12,1)="R","Ringan","Berat"),Data_Acuan!$E$7:$F$7,0)) -> 200000 | Q12: =SUM(N12:P12) -> 2300000 | R12: =IF(RIGHT(B12,1)="B","BPJS","Mandiri") -> BPJS | S12: {=_xlfn.IFS(R12="BPJS",(20%*(N12+O12)+P12+Q12*10%),R12="Mandiri",SUM(N12:P12)+Q12*10%)} -> 850000
A13: 7 | B13: Jl-P-30/11/1999-M | C13: TISYA AVENDRA | D13: =MID(B13,4,1) -> P | E13: =MID(B13,6,10) -> 30/11/1999 | F13: =DATEDIF(E13,TODAY(),"Y")&" Tahun" -> 26 Tahun | G13: =CONCATENATE(E13,"_",B13) -> 30/11/1999_Jl-P-30/11/1999-M | H13: B01-M-07/05/25-5B | I13: =INDEX(Data_Acuan!$C$8:$C$11,MATCH(LEFT(Soal!H13,3),Data_Acuan!$B$8:$B$11,0)) -> Kelas 1 | J13: =CONCATENATE(HLOOKUP(MID(H13,16,1),Data_Acuan!$H$5:$N$7,2,0)&" - "&IF(RIGHT(H13,1)="R","Ringan","Berat")) -> Pasca Operasi Caesar - Berat | K13: =MID(H13,7,8) -> 07/05/25 | L13: {=_xlfn.IFS(RIGHT(J13,6)="Ringan",K13+3,RIGHT(J13,5)="Berat",K13+7)} -> 45791 | M13: =L13-K13&" Hari" -> 7 Hari | N13: =VLOOKUP(I13,Data_Acuan!$C$8:$F$11,2,0)*LEFT(M13,1) -> 5250000 | O13: =HLOOKUP(MID(H13,16,1),Data_Acuan!$H$5:$N$7,3,0) -> 500000 | P13: =INDEX(Data_Acuan!$E$8:$F$11,MATCH(Soal!I13,Data_Acuan!$C$8:$C$11,0),MATCH(IF(RIGHT(H13,1)="R","Ringan","Berat"),Data_Acuan!$E$7:$F$7,0)) -> 500000 | Q13: =SUM(N13:P13) -> 6250000 | R13: =IF(RIGHT(B13,1)="B","BPJS","Mandiri") -> Mandiri | S13: {=_xlfn.IFS(R13="BPJS",(20%*(N13+O13)+P13+Q13*10%),R13="Mandiri",SUM(N13:P13)+Q13*10%)} -> 6875000
A14: 8 | B14: Jl-L-03/03/1998-B | C14: KARYO LIMANTARA | D14: =MID(B14,4,1) -> L | E14: =MID(B14,6,10) -> 03/03/1998 | F14: =DATEDIF(E14,TODAY(),"Y")&" Tahun" -> 28 Tahun | G14: =CONCATENATE(E14,"_",B14) -> 03/03/1998_Jl-L-03/03/1998-B | H14: D03-B-10/05/25-2R | I14: =INDEX(Data_Acuan!$C$8:$C$11,MATCH(LEFT(Soal!H14,3),Data_Acuan!$B$8:$B$11,0)) -> Kelas 3 | J14: =CONCATENATE(HLOOKUP(MID(H14,16,1),Data_Acuan!$H$5:$N$7,2,0)&" - "&IF(RIGHT(H14,1)="R","Ringan","Berat")) -> Demam Berdarah Dengue (DBD) - Ringan | K14: =MID(H14,7,8) -> 10/05/25 | L14: {=_xlfn.IFS(RIGHT(J14,6)="Ringan",K14+3,RIGHT(J14,5)="Berat",K14+7)} -> 45790 | M14: =L14-K14&" Hari" -> 3 Hari | N14: =VLOOKUP(I14,Data_Acuan!$C$8:$F$11,2,0)*LEFT(M14,1) -> 750000 | O14: =HLOOKUP(MID(H14,16,1),Data_Acuan!$H$5:$N$7,3,0) -> 300000 | P14: =INDEX(Data_Acuan!$E$8:$F$11,MATCH(Soal!I14,Data_Acuan!$C$8:$C$11,0),MATCH(IF(RIGHT(H14,1)="R","Ringan","Berat"),Data_Acuan!$E$7:$F$7,0)) -> 150000 | Q14: =SUM(N14:P14) -> 1200000 | R14: =IF(RIGHT(B14,1)="B","BPJS","Mandiri") -> BPJS | S14: {=_xlfn.IFS(R14="BPJS",(20%*(N14+O14)+P14+Q14*10%),R14="Mandiri",SUM(N14:P14)+Q14*10%)} -> 480000
A15: 9 | B15: Jl-L-05/12/1990-M | C15: JEFRO MALANTARA | D15: =MID(B15,4,1) -> L | E15: =MID(B15,6,10) -> 05/12/1990 | F15: =DATEDIF(E15,TODAY(),"Y")&" Tahun" -> 35 Tahun | G15: =CONCATENATE(E15,"_",B15) -> 05/12/1990_Jl-L-05/12/1990-M | H15: A00-M-10/05/25-2B | I15: =INDEX(Data_Acuan!$C$8:$C$11,MATCH(LEFT(Soal!H15,3),Data_Acuan!$B$8:$B$11,0)) -> VIP | J15: =CONCATENATE(HLOOKUP(MID(H15,16,1),Data_Acuan!$H$5:$N$7,2,0)&" - "&IF(RIGHT(H15,1)="R","Ringan","Berat")) -> Demam Berdarah Dengue (DBD) - Berat | K15: =MID(H15,7,8) -> 10/05/25 | L15: {=_xlfn.IFS(RIGHT(J15,6)="Ringan",K15+3,RIGHT(J15,5)="Berat",K15+7)} -> 45794 | M15: =L15-K15&" Hari" -> 7 Hari | N15: =VLOOKUP(I15,Data_Acuan!$C$8:$F$11,2,0)*LEFT(M15,1) -> 8400000 | O15: =HLOOKUP(MID(H15,16,1),Data_Acuan!$H$5:$N$7,3,0) -> 300000 | P15: =INDEX(Data_Acuan!$E$8:$F$11,MATCH(Soal!I15,Data_Acuan!$C$8:$C$11,0),MATCH(IF(RIGHT(H15,1)="R","Ringan","Berat"),Data_Acuan!$E$7:$F$7,0)) -> 600000 | Q15: =SUM(N15:P15) -> 9300000 | R15: =IF(RIGHT(B15,1)="B","BPJS","Mandiri") -> Mandiri | S15: {=_xlfn.IFS(R15="BPJS",(20%*(N15+O15)+P15+Q15*10%),R15="Mandiri",SUM(N15:P15)+Q15*10%)} -> 10230000
A16: 10 | B16: Jl-P-12/10/1970-B | C16: BINAR KENDARTA | D16: =MID(B16,4,1) -> P | E16: =MID(B16,6,10) -> 12/10/1970 | F16: =DATEDIF(E16,TODAY(),"Y")&" Tahun" -> 55 Tahun | G16: =CONCATENATE(E16,"_",B16) -> 12/10/1970_Jl-P-12/10/1970-B | H16: C02-B-13/05/25-1R | I16: =INDEX(Data_Acuan!$C$8:$C$11,MATCH(LEFT(Soal!H16,3),Data_Acuan!$B$8:$B$11,0)) -> Kelas 2 | J16: =CONCATENATE(HLOOKUP(MID(H16,16,1),Data_Acuan!$H$5:$N$7,2,0)&" - "&IF(RIGHT(H16,1)="R","Ringan","Berat")) -> Pneumonia (Radang Paru-paru) - Ringan | K16: =MID(H16,7,8) -> 13/05/25 | L16: {=_xlfn.IFS(RIGHT(J16,6)="Ringan",K16+3,RIGHT(J16,5)="Berat",K16+7)} -> 45793 | M16: =L16-K16&" Hari" -> 3 Hari | N16: =VLOOKUP(I16,Data_Acuan!$C$8:$F$11,2,0)*LEFT(M16,1) -> 1500000 | O16: =HLOOKUP(MID(H16,16,1),Data_Acuan!$H$5:$N$7,3,0) -> 350000 | P16: =INDEX(Data_Acuan!$E$8:$F$11,MATCH(Soal!I16,Data_Acuan!$C$8:$C$11,0),MATCH(IF(RIGHT(H16,1)="R","Ringan","Berat"),Data_Acuan!$E$7:$F$7,0)) -> 200000 | Q16: =SUM(N16:P16) -> 2050000 | R16: =IF(RIGHT(B16,1)="B","BPJS","Mandiri") -> BPJS | S16: {=_xlfn.IFS(R16="BPJS",(20%*(N16+O16)+P16+Q16*10%),R16="Mandiri",SUM(N16:P16)+Q16*10%)} -> 775000
A17: 11 | B17: Jl-P-16/07/1993-B | C17: CHIKA YURESTA | D17: =MID(B17,4,1) -> P | E17: =MID(B17,6,10) -> 16/07/1993 | F17: =DATEDIF(E17,TODAY(),"Y")&" Tahun" -> 32 Tahun | G17: =CONCATENATE(E17,"_",B17) -> 16/07/1993_Jl-P-16/07/1993-B | H17: C02-B-15/05/25-1R | I17: =INDEX(Data_Acuan!$C$8:$C$11,MATCH(LEFT(Soal!H17,3),Data_Acuan!$B$8:$B$11,0)) -> Kelas 2 | J17: =CONCATENATE(HLOOKUP(MID(H17,16,1),Data_Acuan!$H$5:$N$7,2,0)&" - "&IF(RIGHT(H17,1)="R","Ringan","Berat")) -> Pneumonia (Radang Paru-paru) - Ringan | K17: =MID(H17,7,8) -> 15/05/25 | L17: {=_xlfn.IFS(RIGHT(J17,6)="Ringan",K17+3,RIGHT(J17,5)="Berat",K17+7)} -> 45795 | M17: =L17-K17&" Hari" -> 3 Hari | N17: =VLOOKUP(I17,Data_Acuan!$C$8:$F$11,2,0)*LEFT(M17,1) -> 1500000 | O17: =HLOOKUP(MID(H17,16,1),Data_Acuan!$H$5:$N$7,3,0) -> 350000 | P17: =INDEX(Data_Acuan!$E$8:$F$11,MATCH(Soal!I17,Data_Acuan!$C$8:$C$11,0),MATCH(IF(RIGHT(H17,1)="R","Ringan","Berat"),Data_Acuan!$E$7:$F$7,0)) -> 200000 | Q17: =SUM(N17:P17) -> 2050000 | R17: =IF(RIGHT(B17,1)="B","BPJS","Mandiri") -> BPJS | S17: {=_xlfn.IFS(R17="BPJS",(20%*(N17+O17)+P17+Q17*10%),R17="Mandiri",SUM(N17:P17)+Q17*10%)} -> 775000
A18: 12 | B18: Jl-P-20/01/1995-B | C18: MEI ZHANG | D18: =MID(B18,4,1) -> P | E18: =MID(B18,6,10) -> 20/01/1995 | F18: =DATEDIF(E18,TODAY(),"Y")&" Tahun" -> 31 Tahun | G18: =CONCATENATE(E18,"_",B18) -> 20/01/1995_Jl-P-20/01/1995-B | H18: D03-B-15/05/25-2R | I18: =INDEX(Data_Acuan!$C$8:$C$11,MATCH(LEFT(Soal!H18,3),Data_Acuan!$B$8:$B$11,0)) -> Kelas 3 | J18: =CONCATENATE(HLOOKUP(MID(H18,16,1),Data_Acuan!$H$5:$N$7,2,0)&" - "&IF(RIGHT(H18,1)="R","Ringan","Berat")) -> Demam Berdarah Dengue (DBD) - Ringan | K18: =MID(H18,7,8) -> 15/05/25 | L18: {=_xlfn.IFS(RIGHT(J18,6)="Ringan",K18+3,RIGHT(J18,5)="Berat",K18+7)} -> 45795 | M18: =L18-K18&" Hari" -> 3 Hari | N18: =VLOOKUP(I18,Data_Acuan!$C$8:$F$11,2,0)*LEFT(M18,1) -> 750000 | O18: =HLOOKUP(MID(H18,16,1),Data_Acuan!$H$5:$N$7,3,0) -> 300000 | P18: =INDEX(Data_Acuan!$E$8:$F$11,MATCH(Soal!I18,Data_Acuan!$C$8:$C$11,0),MATCH(IF(RIGHT(H18,1)="R","Ringan","Berat"),Data_Acuan!$E$7:$F$7,0)) -> 150000 | Q18: =SUM(N18:P18) -> 1200000 | R18: =IF(RIGHT(B18,1)="B","BPJS","Mandiri") -> BPJS | S18: {=_xlfn.IFS(R18="BPJS",(20%*(N18+O18)+P18+Q18*10%),R18="Mandiri",SUM(N18:P18)+Q18*10%)} -> 480000
... A36: 30 | B36: Jl-L-20/06/1971-M | C36: YICHEN LUO | D36: =MID(B36,4,1) -> L | E36: =MID(B36,6,10) -> 20/06/1971 | F36: =DATEDIF(E36,TODAY(),"Y")&" Tahun" -> 54 Tahun | G36: =CONCATENATE(E36,"_",B36) -> 20/06/1971_Jl-L-20/06/1971-M | H36: A00-M-31/05/25-1B | I36: =INDEX(Data_Acuan!$C$8:$C$11,MATCH(LEFT(Soal!H36,3),Data_Acuan!$B$8:$B$11,0)) -> VIP | J36: =CONCATENATE(HLOOKUP(MID(H36,16,1),Data_Acuan!$H$5:$N$7,2,0)&" - "&IF(RIGHT(H36,1)="R","Ringan","Berat")) -> Pneumonia (Radang Paru-paru) - Berat | K36: =MID(H36,7,8) -> 31/05/25 | L36: {=_xlfn.IFS(RIGHT(J36,6)="Ringan",K36+3,RIGHT(J36,5)="Berat",K36+7)} -> 45815 | M36: =L36-K36&" Hari" -> 7 Hari | N36: =VLOOKUP(I36,Data_Acuan!$C$8:$F$11,2,0)*LEFT(M36,1) -> 8400000 | O36: =HLOOKUP(MID(H36,16,1),Data_Acuan!$H$5:$N$7,3,0) -> 350000 | P36: =INDEX(Data_Acuan!$E$8:$F$11,MATCH(Soal!I36,Data_Acuan!$C$8:$C$11,0),MATCH(IF(RIGHT(H36,1)="R","Ringan","Berat"),Data_Acuan!$E$7:$F$7,0)) -> 600000 | Q36: =SUM(N36:P36) -> 9350000 | R36: =IF(RIGHT(B36,1)="B","BPJS","Mandiri") -> Mandiri | S36: {=_xlfn.IFS(R36="BPJS",(20%*(N36+O36)+P36+Q36*10%),R36="Mandiri",SUM(N36:P36)+Q36*10%)} -> 10285000
D39: Soal/Intruksi!
D40: 1 | E40: JENIS KELAMIN diambil dari ID PASIEN karakter ke-4
D41: 2 | E41: TTL PASIEN diambil dari ID PASIEN karakter ke-6 s/d 10
D42: 3 | E42: USIA dihitung berdasarkan TTL PASIEN (dengan menambahkan string "tahun" di belakang)
D44: 4 | E44: ALAMAT gabungan dari TTL PASIEN"_"ID PASIEN
D45: 5 | E45: JENIS KAMAR mengacu pada sheet "Data_Acuan" dengan menggunakan rumus INDEX MATCH
D47: 6 | E47: JENIS KATEGORI PENYAKIT mengacu pada sheet "Data_Acuan" berdasarkan kode jenis penyakit dan dengan menggabungkan kategori penyakit (di kolom kode kamar), jika R = Ringan, B = Berat (Jenis Penyakit" - "Kategori Penyakit) | I47: contoh hasil: Pneumonia (Radang Paru-paru) - Ringan
D50: 7 | E50: TANGGAL MASUK diambil dari KODE KAMAR
D51: 8 | E51: TANGGAL KELUAR diambil berdasarkan :
F52: Jika kategori ringan, 3 hari dari tanggal masuk
F53: Jika kategori berat, 7 hari dari tanggal masuk
D54: 9 | E54: LAMA INAP hasil selisih dari tanggal keluar dan tanggal masuk (tambahkan string "hari" di belakang)
D56: 10 | E56: BIAYA PERAWATAN INAP diambi dari sheet "Data_Acuan" dikali dengan LAMA INAP
D57: 11 | E57: BIAYA OBAT-OBATAN diambil dari sheet "Data_Acuan"
D58: 12 | E58: TARIF DOKTER diambil dari sheet "Data_Acuan" berdasarkan Jenis Kamar dan Berat atau Ringannya penyakit
D60: 13 | E60: BIAYA TOTAL (AWAL) = ???
D61: 14 | E61: JENIS TANGGUNGAN diambil dari KODE KAMAR (B = BPJS ; M = Mandiri)
D62: 15 | E62: TOTAL TAGIHAN dihitung berdasarkan :
F63: Jika BPJS, membayar hanya 20% dari (Biaya Perawatan + Biaya Obat) + Tarif Dokter + Biaya Total Awal * Pajak 10%
F65: Jika Mandiri, dibayar penuh (Perawatan + Obat + Dokter) + Biaya Total Awal * Pajak 10%
D67: 16 | E67: Aktifkan Freeze Panes di D4
