Workbook

Sheet Data_Acuan
A1: TOKO ELEKTRONIK "TECHZINE"
A2: Jl.Supernova No.13, Selatan, Yunlo
A4: NO | B4: NAMA PRODUK | C4: STOK AWAL | D4: ID PRODUK | E4: KATEGORI PRODUK | F4: HARGA PRODUK
A5: 1 | B5: Lenovo Idepad | C5: 15 | D5: 001/LE/493/L | E5: Laptop | F5: 8500000
A6: 2 | B6: Acer Aspire 5 | C6: 20 | D6: 002/AC/448/L | E6: Laptop | F6: 9000000
A7: 3 | B7: Logitech Mouse | C7: 11 | D7: 003/LO/736/A | E7: Aksesoris | F7: 150000
A8: 4 | B8: AirPods Gen-2 | C8: 13 | D8: 004/AI/836/A | E8: Aksesoris | F8: 1899000
A9: 5 | B9: Samsung A15 | C9: 13 | D9: 005/SA/704/S | E9: Smartphone | F9: 2200000
A10: 6 | B10: Iphone 16 128GB | C10: 15 | D10: 006/IP/019/S | E10: Smartphone | F10: 14999000
A14: METODE PEMBAYARAN | C14: Cash | D14: Kartu Kredit/Debit | E14: QRIS/E-Wallet | F14: Transfer Bank
A15: BIAYA ADMIN | C15: 0 | D15: 5000 | E15: 2500 | F15: 6500

Sheet Soal
A1: TANGGAL PEMBELIAN | B1: ID PRODUK | C1: NAMA PRODUK | D1: KATEGORI PRODUK | E1: NAMA PEMBELI | F1: JUMLAH TERJUAL | G1: HARGA PRODUK | H1: HARGA TOTAL | I1: DISKON | J1: METODE PEMBAYARAN | K1: BIAYA ADMIN | L1: TOTAL KESELURUHAN | M1: BONUS | N1: STATUS PEMBAYARAN
A2: 45748 | B2: 001/LE/493/L | C2: =_xlfn.XLOOKUP(Table2[[#This Row],[ID PRODUK]],Data_Acuan!$D$5:$D$10,Data_Acuan!$B$5:$B$10,0) -> Lenovo Idepad | D2: =VLOOKUP(Table2[[#This Row],[ID PRODUK]],Data_Acuan!$D$4:$F$10,2,0) -> Laptop | E2: Lamianti Wulan | F2: 1 | G2: =VLOOKUP(Table2[[#This Row],[ID PRODUK]],Data_Acuan!$D$4:$F$10,3,0) -> 8500000 | H2: =Table2[[#This Row],[JUMLAH TERJUAL]]*Table2[[#This Row],[HARGA PRODUK]] -> 8500000 | I2: =IF(AND(Table2[[#This Row],[NAMA PRODUK]]="Acer Aspire 5",Table2[[#This Row],[KATEGORI PRODUK]]="Laptop"),8%,IF(AND(Table2[[#This Row],[NAMA PRODUK]]="Iphone 16 128GB",Table2[[#This Row],[KATEGORI PRODUK]]="Smartphone"),6%,IF(AND(Table2[[#This Row],[NAMA PRODUK]]="AirPods Gen-2",Table2[[#This Row],[KATEGORI PRODUK]]="Aksesoris"),2%,0%))) -> 0 | J2: {=_xlfn.IFS(Table2[[#This Row],[HARGA TOTAL]]>=20000000,"Kartu Kredit/Debit",Table2[[#This Row],[HARGA TOTAL]]>=10000000,"Transfer Bank",Table2[[#This Row],[HARGA TOTAL]]>=5000000,"QRIS/E-Wallet",Table2[[#This Row],[HARGA TOTAL]]<=5000000,"Cash")} -> QRIS/E-Wallet | K2: =HLOOKUP(Table2[[#This Row],[METODE PEMBAYARAN]],Data_Acuan!$A$14:$F$15,2,0) -> 2500 | L2: =Table2[[#This Row],[HARGA TOTAL]]*(1-Table2[[#This Row],[DISKON]])+Table2[[#This Row],[BIAYA ADMIN]] -> 8502500 | M2: =IF(AND(Table2[[#This Row],[KATEGORI PRODUK]]="Laptop",Table2[[#This Row],[JUMLAH TERJUAL]]>=3),"Flashdisk 16-32GB",IF(AND(Table2[[#This Row],[KATEGORI PRODUK]]="Smartphone",Table2[[#This Row],[JUMLAH TERJUAL]]>=3),"Tempered Glass&Kartu Perdana",IF(AND(Table2[[#This Row],[KATEGORI PRODUK]]="Aksesoris",Table2[[#This Row],[JUMLAH TERJUAL]]>=3),"Merchandise Brand","-"))) -> - | N2: =IF(OR(Table2[[#This Row],[METODE PEMBAYARAN]]="QRIS/E-Wallet",Table2[[#This Row],[METODE PEMBAYARAN]]="Transfer Bank"),"Lunas",IF(Table2[[#This Row],[METODE PEMBAYARAN]]="Cash","Belum Lunas","Proses")) -> Lunas
A3: 45749 | B3: 002/AC/448/L | C3: =_xlfn.XLOOKUP(Table2[[#This Row],[ID PRODUK]],Data_Acuan!$D$5:$D$10,Data_Acuan!$B$5:$B$10,0) -> Acer Aspire 5 | D3: =VLOOKUP(Table2[[#This Row],[ID PRODUK]],Data_Acuan!$D$4:$F$10,2,0) -> Laptop | E3: Melvin Indrawan | F3: 2 | G3: =VLOOKUP(Table2[[#This Row],[ID PRODUK]],Data_Acuan!$D$4:$F$10,3,0) -> 9000000 | H3: =Table2[[#This Row],[JUMLAH TERJUAL]]*Table2[[#This Row],[HARGA PRODUK]] -> 18000000 | I3: =IF(AND(Table2[[#This Row],[NAMA PRODUK]]="Acer Aspire 5",Table2[[#This Row],[KATEGORI PRODUK]]="Laptop"),8%,IF(AND(Table2[[#This Row],[NAMA PRODUK]]="Iphone 16 128GB",Table2[[#This Row],[KATEGORI PRODUK]]="Smartphone"),6%,IF(AND(Table2[[#This Row],[NAMA PRODUK]]="AirPods Gen-2",Table2[[#This Row],[KATEGORI PRODUK]]="Aksesoris"),2%,0%))) -> 0.08 | J3: {=_xlfn.IFS(Table2[[#This Row],[HARGA TOTAL]]>=20000000,"Kartu Kredit/Debit",Table2[[#This Row],[HARGA TOTAL]]>=10000000,"Transfer Bank",Table2[[#This Row],[HARGA TOTAL]]>=5000000,"QRIS/E-Wallet",Table2[[#This Row],[HARGA TOTAL]]<=5000000,"Cash")} -> Transfer Bank | K3: =HLOOKUP(Table2[[#This Row],[METODE PEMBAYARAN]],Data_Acuan!$A$14:$F$15,2,0) -> 6500 | L3: =Table2[[#This Row],[HARGA TOTAL]]*(1-Table2[[#This Row],[DISKON]])+Table2[[#This Row],[BIAYA ADMIN]] -> 16566500 | M3: =IF(AND(Table2[[#This Row],[KATEGORI PRODUK]]="Laptop",Table2[[#This Row],[JUMLAH TERJUAL]]>=3),"Flashdisk 16-32GB",IF(AND(Table2[[#This Row],[KATEGORI PRODUK]]="Smartphone",Table2[[#This Row],[JUMLAH TERJUAL]]>=3),"Tempered Glass&Kartu Perdana",IF(AND(Table2[[#This Row],[KATEGORI PRODUK]]="Aksesoris",Table2[[#This Row],[JUMLAH TERJUAL]]>=3),"Merchandise Brand","-"))) -> - | N3: =IF(OR(Table2[[#This Row],[METODE PEMBAYARAN]]="QRIS/E-Wallet",Table2[[#This Row],[METODE PEMBAYARAN]]="Transfer Bank"),"Lunas",IF(Table2[[#This Row],[METODE PEMBAYARAN]]="Cash","Belum Lunas","Proses")) -> Lunas
A4: 45750 | B4: 003/LO/736/A | C4: =_xlfn.XLOOKUP(Table2[[#This Row],[ID PRODUK]],Data_Acuan!$D$5:$D$10,Data_Acuan!$B$5:$B$10,0) -> Logitech Mouse | D4: =VLOOKUP(Table2[[#This Row],[ID PRODUK]],Data_Acuan!$D$4:$F$10,2,0) -> Aksesoris | E4: Susanti | F4: 3 | G4: =VLOOKUP(Table2[[#This Row],[ID PRODUK]],Data_Acuan!$D$4:$F$10,3,0) -> 150000 | H4: =Table2[[#This Row],[JUMLAH TERJUAL]]*Table2[[#This Row],[HARGA PRODUK]] -> 450000 | I4: =IF(AND(Table2[[#This Row],[NAMA PRODUK]]="Acer Aspire 5",Table2[[#This Row],[KATEGORI PRODUK]]="Laptop"),8%,IF(AND(Table2[[#This Row],[NAMA PRODUK]]="Iphone 16 128GB",Table2[[#This Row],[KATEGORI PRODUK]]="Smartphone"),6%,IF(AND(Table2[[#This Row],[NAMA PRODUK]]="AirPods Gen-2",Table2[[#This Row],[KATEGORI PRODUK]]="Aksesoris"),2%,0%))) -> 0 | J4: {=_xlfn.IFS(Table2[[#This Row],[HARGA TOTAL]]>=20000000,"Kartu Kredit/Debit",Table2[[#This Row],[HARGA TOTAL]]>=10000000,"Transfer Bank",Table2[[#This Row],[HARGA TOTAL]]>=5000000,"QRIS/E-Wallet",Table2[[#This Row],[HARGA TOTAL]]<=5000000,"Cash")} -> Cash | K4: =HLOOKUP(Table2[[#This Row],[METODE PEMBAYARAN]],Data_Acuan!$A$14:$F$15,2,0) -> 0 | L4: =Table2[[#This Row],[HARGA TOTAL]]*(1-Table2[[#This Row],[DISKON]])+Table2[[#This Row],[BIAYA ADMIN]] -> 450000 | M4: =IF(AND(Table2[[#This Row],[KATEGORI PRODUK]]="Laptop",Table2[[#This Row],[JUMLAH TERJUAL]]>=3),"Flashdisk 16-32GB",IF(AND(Table2[[#This Row],[KATEGORI PRODUK]]="Smartphone",Table2[[#This Row],[JUMLAH TERJUAL]]>=3),"Tempered Glass&Kartu Perdana",IF(AND(Table2[[#This Row],[KATEGORI PRODUK]]="Aksesoris",Table2[[#This Row],[JUMLAH TERJUAL]]>=3),"Merchandise Brand","-"))) -> Merchandise Brand | N4: =IF(OR(Table2[[#This Row],[METODE PEMBAYARAN]]="QRIS/E-Wallet",Table2[[#This Row],[METODE PEMBAYARAN]]="Transfer Bank"),"Lunas",IF(Table2[[#This Row],[METODE PEMBAYARAN]]="Cash","Belum Lunas","Proses")) -> Belum Lunas
A5: 45755 | B5: 004/AI/836/A | C5: =_xlfn.XLOOKUP(Table2[[#This Row],[ID PRODUK]],Data_Acuan!$D$5:$D$10,Data_Acuan!$B$5:$B$10,0) -> AirPods Gen-2 | D5: =VLOOKUP(Table2[[#This Row],[ID PRODUK]],Data_Acuan!$D$4:$F$10,2,0) -> Aksesoris | E5: Mawar Kumala | F5: 4 | G5: =VLOOKUP(Table2[[#This Row],[ID PRODUK]],Data_Acuan!$D$4:$F$10,3,0) -> 1899000 | H5: =Table2[[#This Row],[JUMLAH TERJUAL]]*Table2[[#This Row],[HARGA PRODUK]] -> 7596000 | I5: =IF(AND(Table2[[#This Row],[NAMA PRODUK]]="Acer Aspire 5",Table2[[#This Row],[KATEGORI PRODUK]]="Laptop"),8%,IF(AND(Table2[[#This Row],[NAMA PRODUK]]="Iphone 16 128GB",Table2[[#This Row],[KATEGORI PRODUK]]="Smartphone"),6%,IF(AND(Table2[[#This Row],[NAMA PRODUK]]="AirPods Gen-2",Table2[[#This Row],[KATEGORI PRODUK]]="Aksesoris"),2%,0%))) -> 0.02 | J5: {=_xlfn.IFS(Table2[[#This Row],[HARGA TOTAL]]>=20000000,"Kartu Kredit/Debit",Table2[[#This Row],[HARGA TOTAL]]>=10000000,"Transfer Bank",Table2[[#This Row],[HARGA TOTAL]]>=5000000,"QRIS/E-Wallet",Table2[[#This Row],[HARGA TOTAL]]<=5000000,"Cash")} -> QRIS/E-Wallet | K5: =HLOOKUP(Table2[[#This Row],[METODE PEMBAYARAN]],Data_Acuan!$A$14:$F$15,2,0) -> 2500 | L5: =Table2[[#This Row],[HARGA TOTAL]]*(1-Table2[[#This Row],[DISKON]])+Table2[[#This Row],[BIAYA ADMIN]] -> 7446580 | M5: =IF(AND(Table2[[#This Row],[KATEGORI PRODUK]]="Laptop",Table2[[#This Row],[JUMLAH TERJUAL]]>=3),"Flashdisk 16-32GB",IF(AND(Table2[[#This Row],[KATEGORI PRODUK]]="Smartphone",Table2[[#This Row],[JUMLAH TERJUAL]]>=3),"Tempered Glass&Kartu Perdana",IF(AND(Table2[[#This Row],[KATEGORI PRODUK]]="Aksesoris",Table2[[#This Row],[JUMLAH TERJUAL]]>=3),"Merchandise Brand","-"))) -> Merchandise Brand | N5: =IF(OR(Table2[[#This Row],[METODE PEMBAYARAN]]="QRIS/E-Wallet",Table2[[#This Row],[METODE PEMBAYARAN]]="Transfer Bank"),"Lunas",IF(Table2[[#This Row],[METODE PEMBAYARAN]]="Cash","Belum Lunas","Proses")) -> Lunas
A6: 45755 | B6: 005/SA/704/S | C6: =_xlfn.XLOOKUP(Table2[[#This Row],[ID PRODUK]],Data_Acuan!$D$5:$D$10,Data_Acuan!$B$5:$B$10,0) -> Samsung A15 | D6: =VLOOKUP(Table2[[#This Row],[ID PRODUK]],Data_Acuan!$D$4:$F$10,2,0) -> Smartphone | E6: Sari Intan | F6: 5 | G6: =VLOOKUP(Table2[[#This Row],[ID PRODUK]],Data_Acuan!$D$4:$F$10,3,0) -> 2200000 | H6: =Table2[[#This Row],[JUMLAH TERJUAL]]*Table2[[#This Row],[HARGA PRODUK]] -> 11000000 | I6: =IF(AND(Table2[[#This Row],[NAMA PRODUK]]="Acer Aspire 5",Table2[[#This Row],[KATEGORI PRODUK]]="Laptop"),8%,IF(AND(Table2[[#This Row],[NAMA PRODUK]]="Iphone 16 128GB",Table2[[#This Row],[KATEGORI PRODUK]]="Smartphone"),6%,IF(AND(Table2[[#This Row],[NAMA PRODUK]]="AirPods Gen-2",Table2[[#This Row],[KATEGORI PRODUK]]="Aksesoris"),2%,0%))) -> 0 | J6: {=_xlfn.IFS(Table2[[#This Row],[HARGA TOTAL]]>=20000000,"Kartu Kredit/Debit",Table2[[#This Row],[HARGA TOTAL]]>=10000000,"Transfer Bank",Table2[[#This Row],[HARGA TOTAL]]>=5000000,"QRIS/E-Wallet",Table2[[#This Row],[HARGA TOTAL]]<=5000000,"Cash")} -> Transfer Bank | K6: =HLOOKUP(Table2[[#This Row],[METODE PEMBAYARAN]],Data_Acuan!$A$14:$F$15,2,0) -> 6500 | L6: =Table2[[#This Row],[HARGA TOTAL]]*(1-Table2[[#This Row],[DISKON]])+Table2[[#This Row],[BIAYA ADMIN]] -> 11006500 | M6: =IF(AND(Table2[[#This Row],[KATEGORI PRODUK]]="Laptop",Table2[[#This Row],[JUMLAH TERJUAL]]>=3),"Flashdisk 16-32GB",IF(AND(Table2[[#This Row],[KATEGORI PRODUK]]="Smartphone",Table2[[#This Row],[JUMLAH TERJUAL]]>=3),"Tempered Glass&Kartu Perdana",IF(AND(Table2[[#This Row],[KATEGORI PRODUK]]="Aksesoris",Table2[[#This Row],[JUMLAH TERJUAL]]>=3),"Merchandise Brand","-"))) -> Tempered Glass&Kartu Perdana | N6: =IF(OR(Table2[[#This Row],[METODE PEMBAYARAN]]="QRIS/E-Wallet",Table2[[#This Row],[METODE PEMBAYARAN]]="Transfer Bank"),"Lunas",IF(Table2[[#This Row],[METODE PEMBAYARAN]]="Cash","Belum Lunas","Proses")) -> Lunas
A7: 45755 | B7: 006/IP/019/S | C7: =_xlfn.XLOOKUP(Table2[[#This Row],[ID PRODUK]],Data_Acuan!$D$5:$D$10,Data_Acuan!$B$5:$B$10,0) -> Iphone 16 128GB | D7: =VLOOKUP(Table2[[#This Row],[ID PRODUK]],Data_Acuan!$D$4:$F$10,2,0) -> Smartphone | E7: Mei Long | F7: 6 | G7: =VLOOKUP(Table2[[#This Row],[ID PRODUK]],Data_Acuan!$D$4:$F$10,3,0) -> 14999000 | H7: =Table2[[#This Row],[JUMLAH TERJUAL]]*Table2[[#This Row],[HARGA PRODUK]] -> 89994000 | I7: =IF(AND(Table2[[#This Row],[NAMA PRODUK]]="Acer Aspire 5",Table2[[#This Row],[KATEGORI PRODUK]]="Laptop"),8%,IF(AND(Table2[[#This Row],[NAMA PRODUK]]="Iphone 16 128GB",Table2[[#This Row],[KATEGORI PRODUK]]="Smartphone"),6%,IF(AND(Table2[[#This Row],[NAMA PRODUK]]="AirPods Gen-2",Table2[[#This Row],[KATEGORI PRODUK]]="Aksesoris"),2%,0%))) -> 0.06 | J7: {=_xlfn.IFS(Table2[[#This Row],[HARGA TOTAL]]>=20000000,"Kartu Kredit/Debit",Table2[[#This Row],[HARGA TOTAL]]>=10000000,"Transfer Bank",Table2[[#This Row],[HARGA TOTAL]]>=5000000,"QRIS/E-Wallet",Table2[[#This Row],[HARGA TOTAL]]<=5000000,"Cash")} -> Kartu Kredit/Debit | K7: =HLOOKUP(Table2[[#This Row],[METODE PEMBAYARAN]],Data_Acuan!$A$14:$F$15,2,0) -> 5000 | L7: =Table2[[#This Row],[HARGA TOTAL]]*(1-Table2[[#This Row],[DISKON]])+Table2[[#This Row],[BIAYA ADMIN]] -> 84599360 | M7: =IF(AND(Table2[[#This Row],[KATEGORI PRODUK]]="Laptop",Table2[[#This Row],[JUMLAH TERJUAL]]>=3),"Flashdisk 16-32GB",IF(AND(Table2[[#This Row],[KATEGORI PRODUK]]="Smartphone",Table2[[#This Row],[JUMLAH TERJUAL]]>=3),"Tempered Glass&Kartu Perdana",IF(AND(Table2[[#This Row],[KATEGORI PRODUK]]="Aksesoris",Table2[[#This Row],[JUMLAH TERJUAL]]>=3),"Merchandise Brand","-"))) -> Tempered Glass&Kartu Perdana | N7: =IF(OR(Table2[[#This Row],[METODE PEMBAYARAN]]="QRIS/E-Wallet",Table2[[#This Row],[METODE PEMBAYARAN]]="Transfer Bank"),"Lunas",IF(Table2[[#This Row],[METODE PEMBAYARAN]]="Cash","Belum Lunas","Proses")) -> Proses
A8: 45758 | B8: 006/IP/019/S | C8: =_xlfn.XLOOKUP(Table2[[#This Row],[ID PRODUK]],Data_Acuan!$D$5:$D$10,Data_Acuan!$B$5:$B$10,0) -> Iphone 16 128GB | D8: =VLOOKUP(Table2[[#This Row],[ID PRODUK]],Data_Acuan!$D$4:$F$10,2,0) -> Smartphone | E8: Liu Shishi | F8: 5 | G8: =VLOOKUP(Table2[[#This Row],[ID PRODUK]],Data_Acuan!$D$4:$F$10,3,0) -> 14999000 | H8: =Table2[[#This Row],[JUMLAH TERJUAL]]*Table2[[#This Row],[HARGA PRODUK]] -> 74995000 | I8: =IF(AND(Table2[[#This Row],[NAMA PRODUK]]="Acer Aspire 5",Table2[[#This Row],[KATEGORI PRODUK]]="Laptop"),8%,IF(AND(Table2[[#This Row],[NAMA PRODUK]]="Iphone 16 128GB",Table2[[#This Row],[KATEGORI PRODUK]]="Smartphone"),6%,IF(AND(Table2[[#This Row],[NAMA PRODUK]]="AirPods Gen-2",Table2[[#This Row],[KATEGORI PRODUK]]="Aksesoris"),2%,0%))) -> 0.06 | J8: {=_xlfn.IFS(Table2[[#This Row],[HARGA TOTAL]]>=20000000,"Kartu Kredit/Debit",Table2[[#This Row],[HARGA TOTAL]]>=10000000,"Transfer Bank",Table2[[#This Row],[HARGA TOTAL]]>=5000000,"QRIS/E-Wallet",Table2[[#This Row],[HARGA TOTAL]]<=5000000,"Cash")} -> Kartu Kredit/Debit | K8: =HLOOKUP(Table2[[#This Row],[METODE PEMBAYARAN]],Data_Acuan!$A$14:$F$15,2,0) -> 5000 | L8: =Table2[[#This Row],[HARGA TOTAL]]*(1-Table2[[#This Row],[DISKON]])+Table2[[#This Row],[BIAYA ADMIN]] -> 70500300 | M8: =IF(AND(Table2[[#This Row],[KATEGORI PRODUK]]="Laptop",Table2[[#This Row],[JUMLAH TERJUAL]]>=3),"Flashdisk 16-32GB",IF(AND(Table2[[#This Row],[KATEGORI PRODUK]]="Smartphone",Table2[[#This Row],[JUMLAH TERJUAL]]>=3),"Tempered Glass&Kartu Perdana",IF(AND(Table2[[#This Row],[KATEGORI PRODUK]]="Aksesoris",Table2[[#This Row],[JUMLAH TERJUAL]]>=3),"Merchandise Brand","-"))) -> Tempered Glass&Kartu Perdana | N8: =IF(OR(Table2[[#This Row],[METODE PEMBAYARAN]]="QRIS/E-Wallet",Table2[[#This Row],[METODE PEMBAYARAN]]="Transfer Bank"),"Lunas",IF(Table2[[#This Row],[METODE PEMBAYARAN]]="Cash","Belum Lunas","Proses")) -> Proses
A9: 45759 | B9: 002/AC/448/L | C9: =_xlfn.XLOOKUP(Table2[[#This Row],[ID PRODUK]],Data_Acuan!$D$5:$D$10,Data_Acuan!$B$5:$B$10,0) -> Acer Aspire 5 | D9: =VLOOKUP(Table2[[#This Row],[ID PRODUK]],Data_Acuan!$D$4:$F$10,2,0) -> Laptop | E9: Zhang Yunlong | F9: 3 | G9: =VLOOKUP(Table2[[#This Row],[ID PRODUK]],Data_Acuan!$D$4:$F$10,3,0) -> 9000000 | H9: =Table2[[#This Row],[JUMLAH TERJUAL]]*Table2[[#This Row],[HARGA PRODUK]] -> 27000000 | I9: =IF(AND(Table2[[#This Row],[NAMA PRODUK]]="Acer Aspire 5",Table2[[#This Row],[KATEGORI PRODUK]]="Laptop"),8%,IF(AND(Table2[[#This Row],[NAMA PRODUK]]="Iphone 16 128GB",Table2[[#This Row],[KATEGORI PRODUK]]="Smartphone"),6%,IF(AND(Table2[[#This Row],[NAMA PRODUK]]="AirPods Gen-2",Table2[[#This Row],[KATEGORI PRODUK]]="Aksesoris"),2%,0%))) -> 0.08 | J9: {=_xlfn.IFS(Table2[[#This Row],[HARGA TOTAL]]>=20000000,"Kartu Kredit/Debit",Table2[[#This Row],[HARGA TOTAL]]>=10000000,"Transfer Bank",Table2[[#This Row],[HARGA TOTAL]]>=5000000,"QRIS/E-Wallet",Table2[[#This Row],[HARGA TOTAL]]<=5000000,"Cash")} -> Kartu Kredit/Debit | K9: =HLOOKUP(Table2[[#This Row],[METODE PEMBAYARAN]],Data_Acuan!$A$14:$F$15,2,0) -> 5000 | L9: =Table2[[#This Row],[HARGA TOTAL]]*(1-Table2[[#This Row],[DISKON]])+Table2[[#This Row],[BIAYA ADMIN]] -> 24845000 | M9: =IF(AND(Table2[[#This Row],[KATEGORI PRODUK]]="Laptop",Table2[[#This Row],[JUMLAH TERJUAL]]>=3),"Flashdisk 16-32GB",IF(AND(Table2[[#This Row],[KATEGORI PRODUK]]="Smartphone",Table2[[#This Row],[JUMLAH TERJUAL]]>=3),"Tempered Glass&Kartu Perdana",IF(AND(Table2[[#This Row],[KATEGORI PRODUK]]="Aksesoris",Table2[[#This Row],[JUMLAH TERJUAL]]>=3),"Merchandise Brand","-"))) -> Flashdisk 16-32GB | N9: =IF(OR(Table2[[#This Row],[METODE PEMBAYARAN]]="QRIS/E-Wallet",Table2[[#This Row],[METODE PEMBAYARAN]]="Transfer Bank"),"Lunas",IF(Table2[[#This Row],[METODE PEMBAYARAN]]="Cash","Belum Lunas","Proses")) -> Proses
A10: 45760 | B10: 003/LO/736/A | C10: =_xlfn.XLOOKUP(Table2[[#This Row],[ID PRODUK]],Data_Acuan!$D$5:$D$10,Data_Acuan!$B$5:$B$10,0) -> Logitech Mouse | D10: =VLOOKUP(Table2[[#This Row],[ID PRODUK]],Data_Acuan!$D$4:$F$10,2,0) -> Aksesoris | E10: Cheng Xiao | F10: 2 | G10: =VLOOKUP(Table2[[#This Row],[ID PRODUK]],Data_Acuan!$D$4:$F$10,3,0) -> 150000 | H10: =Table2[[#This Row],[JUMLAH TERJUAL]]*Table2[[#This Row],[HARGA PRODUK]] -> 300000 | I10: =IF(AND(Table2[[#This Row],[NAMA PRODUK]]="Acer Aspire 5",Table2[[#This Row],[KATEGORI PRODUK]]="Laptop"),8%,IF(AND(Table2[[#This Row],[NAMA PRODUK]]="Iphone 16 128GB",Table2[[#This Row],[KATEGORI PRODUK]]="Smartphone"),6%,IF(AND(Table2[[#This Row],[NAMA PRODUK]]="AirPods Gen-2",Table2[[#This Row],[KATEGORI PRODUK]]="Aksesoris"),2%,0%))) -> 0 | J10: {=_xlfn.IFS(Table2[[#This Row],[HARGA TOTAL]]>=20000000,"Kartu Kredit/Debit",Table2[[#This Row],[HARGA TOTAL]]>=10000000,"Transfer Bank",Table2[[#This Row],[HARGA TOTAL]]>=5000000,"QRIS/E-Wallet",Table2[[#This Row],[HARGA TOTAL]]<=5000000,"Cash")} -> Cash | K10: =HLOOKUP(Table2[[#This Row],[METODE PEMBAYARAN]],Data_Acuan!$A$14:$F$15,2,0) -> 0 | L10: =Table2[[#This Row],[HARGA TOTAL]]*(1-Table2[[#This Row],[DISKON]])+Table2[[#This Row],[BIAYA ADMIN]] -> 300000 | M10: =IF(AND(Table2[[#This Row],[KATEGORI PRODUK]]="Laptop",Table2[[#This Row],[JUMLAH TERJUAL]]>=3),"Flashdisk 16-32GB",IF(AND(Table2[[#This Row],[KATEGORI PRODUK]]="Smartphone",Table2[[#This Row],[JUMLAH TERJUAL]]>=3),"Tempered Glass&Kartu Perdana",IF(AND(Table2[[#This Row],[KATEGORI PRODUK]]="Aksesoris",Table2[[#This Row],[JUMLAH TERJUAL]]>=3),"Merchandise Brand","-"))) -> - | N10: =IF(OR(Table2[[#This Row],[METODE PEMBAYARAN]]="QRIS/E-Wallet",Table2[[#This Row],[METODE PEMBAYARAN]]="Transfer Bank"),"Lunas",IF(Table2[[#This Row],[METODE PEMBAYARAN]]="Cash","Belum Lunas","Proses")) -> Belum Lunas
A11: 45763 | B11: 004/AI/836/A | C11: =_xlfn.XLOOKUP(Table2[[#This Row],[ID PRODUK]],Data_Acuan!$D$5:$D$10,Data_Acuan!$B$5:$B$10,0) -> AirPods Gen-2 | D11: =VLOOKUP(Table2[[#This Row],[ID PRODUK]],Data_Acuan!$D$4:$F$10,2,0) -> Aksesoris | E11: Meimei | F11: 2 | G11: =VLOOKUP(Table2[[#This Row],[ID PRODUK]],Data_Acuan!$D$4:$F$10,3,0) -> 1899000 | H11: =Table2[[#This Row],[JUMLAH TERJUAL]]*Table2[[#This Row],[HARGA PRODUK]] -> 3798000 | I11: =IF(AND(Table2[[#This Row],[NAMA PRODUK]]="Acer Aspire 5",Table2[[#This Row],[KATEGORI PRODUK]]="Laptop"),8%,IF(AND(Table2[[#This Row],[NAMA PRODUK]]="Iphone 16 128GB",Table2[[#This Row],[KATEGORI PRODUK]]="Smartphone"),6%,IF(AND(Table2[[#This Row],[NAMA PRODUK]]="AirPods Gen-2",Table2[[#This Row],[KATEGORI PRODUK]]="Aksesoris"),2%,0%))) -> 0.02 | J11: {=_xlfn.IFS(Table2[[#This Row],[HARGA TOTAL]]>=20000000,"Kartu Kredit/Debit",Table2[[#This Row],[HARGA TOTAL]]>=10000000,"Transfer Bank",Table2[[#This Row],[HARGA TOTAL]]>=5000000,"QRIS/E-Wallet",Table2[[#This Row],[HARGA TOTAL]]<=5000000,"Cash")} -> Cash | K11: =HLOOKUP(Table2[[#This Row],[METODE PEMBAYARAN]],Data_Acuan!$A$14:$F$15,2,0) -> 0 | L11: =Table2[[#This Row],[HARGA TOTAL]]*(1-Table2[[#This Row],[DISKON]])+Table2[[#This Row],[BIAYA ADMIN]] -> 3722040 | M11: =IF(AND(Table2[[#This Row],[KATEGORI PRODUK]]="Laptop",Table2[[#This Row],[JUMLAH TERJUAL]]>=3),"Flashdisk 16-32GB",IF(AND(Table2[[#This Row],[KATEGORI PRODUK]]="Smartphone",Table2[[#This Row],[JUMLAH TERJUAL]]>=3),"Tempered Glass&Kartu Perdana",IF(AND(Table2[[#This Row],[KATEGORI PRODUK]]="Aksesoris",Table2[[#This Row],[JUMLAH TERJUAL]]>=3),"Merchandise Brand","-"))) -> - | N11: =IF(OR(Table2[[#This Row],[METODE PEMBAYARAN]]="QRIS/E-Wallet",Table2[[#This Row],[METODE PEMBAYARAN]]="Transfer Bank"),"Lunas",IF(Table2[[#This Row],[METODE PEMBAYARAN]]="Cash","Belum Lunas","Proses")) -> Belum Lunas
A12: 45763 | B12: 006/IP/019/S | C12: =_xlfn.XLOOKUP(Table2[[#This Row],[ID PRODUK]],Data_Acuan!$D$5:$D$10,Data_Acuan!$B$5:$B$10,0) -> Iphone 16 128GB | D12: =VLOOKUP(Table2[[#This Row],[ID PRODUK]],Data_Acuan!$D$4:$F$10,2,0) -> Smartphone | E12: Gumawan Hidayat | F12: 1 | G12: =VLOOKUP(Table2[[#This Row],[ID PRODUK]],Data_Acuan!$D$4:$F$10,3,0) -> 14999000 | H12: =Table2[[#This Row],[JUMLAH TERJUAL]]*Table2[[#This Row],[HARGA PRODUK]] -> 14999000 | I12: =IF(AND(Table2[[#This Row],[NAMA PRODUK]]="Acer Aspire 5",Table2[[#This Row],[KATEGORI PRODUK]]="Laptop"),8%,IF(AND(Table2[[#This Row],[NAMA PRODUK]]="Iphone 16 128GB",Table2[[#This Row],[KATEGORI PRODUK]]="Smartphone"),6%,IF(AND(Table2[[#This Row],[NAMA PRODUK]]="AirPods Gen-2",Table2[[#This Row],[KATEGORI PRODUK]]="Aksesoris"),2%,0%))) -> 0.06 | J12: {=_xlfn.IFS(Table2[[#This Row],[HARGA TOTAL]]>=20000000,"Kartu Kredit/Debit",Table2[[#This Row],[HARGA TOTAL]]>=10000000,"Transfer Bank",Table2[[#This Row],[HARGA TOTAL]]>=5000000,"QRIS/E-Wallet",Table2[[#This Row],[HARGA TOTAL]]<=5000000,"Cash")} -> Transfer Bank | K12: =HLOOKUP(Table2[[#This Row],[METODE PEMBAYARAN]],Data_Acuan!$A$14:$F$15,2,0) -> 6500 | L12: =Table2[[#This Row],[HARGA TOTAL]]*(1-Table2[[#This Row],[DISKON]])+Table2[[#This Row],[BIAYA ADMIN]] -> 14105560 | M12: =IF(AND(Table2[[#This Row],[KATEGORI PRODUK]]="Laptop",Table2[[#This Row],[JUMLAH TERJUAL]]>=3),"Flashdisk 16-32GB",IF(AND(Table2[[#This Row],[KATEGORI PRODUK]]="Smartphone",Table2[[#This Row],[JUMLAH TERJUAL]]>=3),"Tempered Glass&Kartu Perdana",IF(AND(Table2[[#This Row],[KATEGORI PRODUK]]="Aksesoris",Table2[[#This Row],[JUMLAH TERJUAL]]>=3),"Merchandise Brand","-"))) -> - | N12: =IF(OR(Table2[[#This Row],[METODE PEMBAYARAN]]="QRIS/E-Wallet",Table2[[#This Row],[METODE PEMBAYARAN]]="Transfer Bank"),"Lunas",IF(Table2[[#This Row],[METODE PEMBAYARAN]]="Cash","Belum Lunas","Proses")) -> Lunas
A13: 45764 | B13: 006/IP/019/S | C13: =_xlfn.XLOOKUP(Table2[[#This Row],[ID PRODUK]],Data_Acuan!$D$5:$D$10,Data_Acuan!$B$5:$B$10,0) -> Iphone 16 128GB | D13: =VLOOKUP(Table2[[#This Row],[ID PRODUK]],Data_Acuan!$D$4:$F$10,2,0) -> Smartphone | E13: Nio Kusmandi | F13: 2 | G13: =VLOOKUP(Table2[[#This Row],[ID PRODUK]],Data_Acuan!$D$4:$F$10,3,0) -> 14999000 | H13: =Table2[[#This Row],[JUMLAH TERJUAL]]*Table2[[#This Row],[HARGA PRODUK]] -> 29998000 | I13: =IF(AND(Table2[[#This Row],[NAMA PRODUK]]="Acer Aspire 5",Table2[[#This Row],[KATEGORI PRODUK]]="Laptop"),8%,IF(AND(Table2[[#This Row],[NAMA PRODUK]]="Iphone 16 128GB",Table2[[#This Row],[KATEGORI PRODUK]]="Smartphone"),6%,IF(AND(Table2[[#This Row],[NAMA PRODUK]]="AirPods Gen-2",Table2[[#This Row],[KATEGORI PRODUK]]="Aksesoris"),2%,0%))) -> 0.06 | J13: {=_xlfn.IFS(Table2[[#This Row],[HARGA TOTAL]]>=20000000,"Kartu Kredit/Debit",Table2[[#This Row],[HARGA TOTAL]]>=10000000,"Transfer Bank",Table2[[#This Row],[HARGA TOTAL]]>=5000000,"QRIS/E-Wallet",Table2[[#This Row],[HARGA TOTAL]]<=5000000,"Cash")} -> Kartu Kredit/Debit | K13: =HLOOKUP(Table2[[#This Row],[METODE PEMBAYARAN]],Data_Acuan!$A$14:$F$15,2,0) -> 5000 | L13: =Table2[[#This Row],[HARGA TOTAL]]*(1-Table2[[#This Row],[DISKON]])+Table2[[#This Row],[BIAYA ADMIN]] -> 28203120 | M13: =IF(AND(Table2[[#This Row],[KATEGORI PRODUK]]="Laptop",Table2[[#This Row],[JUMLAH TERJUAL]]>=3),"Flashdisk 16-32GB",IF(AND(Table2[[#This Row],[KATEGORI PRODUK]]="Smartphone",Table2[[#This Row],[JUMLAH TERJUAL]]>=3),"Tempered Glass&Kartu Perdana",IF(AND(Table2[[#This Row],[KATEGORI PRODUK]]="Aksesoris",Table2[[#This Row],[JUMLAH TERJUAL]]>=3),"Merchandise Brand","-"))) -> - | N13: =IF(OR(Table2[[#This Row],[METODE PEMBAYARAN]]="QRIS/E-Wallet",Table2[[#This Row],[METODE PEMBAYARAN]]="Transfer Bank"),"Lunas",IF(Table2[[#This Row],[METODE PEMBAYARAN]]="Cash","Belum Lunas","Proses")) -> Proses
... A31: 45777 | B31: 003/LO/736/A | C31: =_xlfn.XLOOKUP(Table2[[#This Row],[ID PRODUK]],Data_Acuan!$D$5:$D$10,Data_Acuan!$B$5:$B$10,0) -> Logitech Mouse | D31: =VLOOKUP(Table2[[#This Row],[ID PRODUK]],Data_Acuan!$D$4:$F$10,2,0) -> Aksesoris | E31: Qiqi Wintiani | F31: 1 | G31: =VLOOKUP(Table2[[#This Row],[ID PRODUK]],Data_Acuan!$D$4:$F$10,3,0) -> 150000 | H31: =Table2[[#This Row],[JUMLAH TERJUAL]]*Table2[[#This Row],[HARGA PRODUK]] -> 150000 | I31: =IF(AND(Table2[[#This Row],[NAMA PRODUK]]="Acer Aspire 5",Table2[[#This Row],[KATEGORI PRODUK]]="Laptop"),8%,IF(AND(Table2[[#This Row],[NAMA PRODUK]]="Iphone 16 128GB",Table2[[#This Row],[KATEGORI PRODUK]]="Smartphone"),6%,IF(AND(Table2[[#This Row],[NAMA PRODUK]]="AirPods Gen-2",Table2[[#This Row],[KATEGORI PRODUK]]="Aksesoris"),2%,0%))) -> 0 | J31: {=_xlfn.IFS(Table2[[#This Row],[HARGA TOTAL]]>=20000000,"Kartu Kredit/Debit",Table2[[#This Row],[HARGA TOTAL]]>=10000000,"Transfer Bank",Table2[[#This Row],[HARGA TOTAL]]>=5000000,"QRIS/E-Wallet",Table2[[#This Row],[HARGA TOTAL]]<=5000000,"Cash")} -> Cash | K31: =HLOOKUP(Table2[[#This Row],[METODE PEMBAYARAN]],Data_Acuan!$A$14:$F$15,2,0) -> 0 | L31: =Table2[[#This Row],[HARGA TOTAL]]*(1-Table2[[#This Row],[DISKON]])+Table2[[#This Row],[BIAYA ADMIN]] -> 150000 | M31: =IF(AND(Table2[[#This Row],[KATEGORI PRODUK]]="Laptop",Table2[[#This Row],[JUMLAH TERJUAL]]>=3),"Flashdisk 16-32GB",IF(AND(Table2[[#This Row],[KATEGORI PRODUK]]="Smartphone",Table2[[#This Row],[JUMLAH TERJUAL]]>=3),"Tempered Glass&Kartu Perdana",IF(AND(Table2[[#This Row],[KATEGORI PRODUK]]="Aksesoris",Table2[[#This Row],[JUMLAH TERJUAL]]>=3),"Merchandise Brand","-"))) -> - | N31: =IF(OR(Table2[[#This Row],[METODE PEMBAYARAN]]="QRIS/E-Wallet",Table2[[#This Row],[METODE PEMBAYARAN]]="Transfer Bank"),"Lunas",IF(Table2[[#This Row],[METODE PEMBAYARAN]]="Cash","Belum Lunas","Proses")) -> Belum Lunas
A35: SOAL/INTRUKSI! | E35: JUMLAH PRODUK TERJUAL
A36: 1) Nama Produk, Kategori Produk, Harga Produk mengacu pada sheet "Data_Acuan" | E36: Lenovo Idepad | F36: =SUMIF(Table2[NAMA PRODUK],C2,Table2[JUMLAH TERJUAL]) -> 13
E37: Acer Aspire 5 | F37: =SUMIF(Table2[NAMA PRODUK],C29,Table2[JUMLAH TERJUAL]) -> 8
A38: 2) Harga Total = Jumlah Terjual*Harga Produk | E38: Logitech Mouse | F38: =SUMIF(Table2[NAMA PRODUK],C31,Table2[JUMLAH TERJUAL]) -> 11
A39: 3) Diskon 8% untuk setiap pembelian produk Acer Aspire 5 dan kategori Laptop. Diskon 6% untuk setiap pemeblian produk Iphone 16 128GB dan kategori Smartphone. Diskon 3% untuk setiap pembelian produk AirPods Gen-2 dan kategori Aksesoris | E39: AirPods Gen-2 | F39: =SUMIF(Table2[NAMA PRODUK],C24,Table2[JUMLAH TERJUAL]) -> 12
E40: Samsung A15 | F40: =SUMIF(Table2[NAMA PRODUK],C20,Table2[JUMLAH TERJUAL]) -> 13
E41: Iphone 16 128GB | F41: =SUMIF(Table2[NAMA PRODUK],C13,Table2[JUMLAH TERJUAL]) -> 15
E43: STOK AKHIR
A44: 4) Metode Pembayaran secara Kartu Kredit jika >=20000000; secara Transfer Bank jika >=10000000; secara QRIS/E-Wallet jika >=5000000; dan secara Cash jika <=5000000 | E44: NAMA PRODUK | F44: JUMLAH | G44: STATUS
E45: Lenovo Idepad | F45: =Data_Acuan!C5-SUMIF(Table2[NAMA PRODUK],C2,Table2[JUMLAH TERJUAL]) -> 2 | G45: =IF(F45=0,"Kosong","Tersedia") -> Tersedia
E46: Acer Aspire 5 | F46: =Data_Acuan!C6-SUMIF(Table2[NAMA PRODUK],C3,Table2[JUMLAH TERJUAL]) -> 12 | G46: =IF(F46=0,"Kosong","Tersedia") -> Tersedia
A47: 5) Biaya Admin mengacu pada sheet "Data_Acuan" | E47: Logitech Mouse | F47: =Data_Acuan!C7-SUMIF(Table2[NAMA PRODUK],C21,Table2[JUMLAH TERJUAL]) -> 0 | G47: =IF(F47=0,"Kosong","Tersedia") -> Kosong
A48: 6) Total Keseluruhan = Harga Total*(1-Diskon)+Biaya Admin | E48: AirPods Gen-2 | F48: =Data_Acuan!C8-SUMIF(Table2[NAMA PRODUK],C24,Table2[JUMLAH TERJUAL]) -> 1 | G48: =IF(F48=0,"Kosong","Tersedia") -> Tersedia
E49: Samsung A15 | F49: 0 | G49: =IF(F49=0,"Kosong","Tersedia") -> Kosong
A50: 7) Setiap pembelian dari semua kategori produk dan lebih dari 3, maka: | E50: Iphone 16 128GB | F50: =Data_Acuan!C10-SUMIF(Table2[NAMA PRODUK],C13,Table2[JUMLAH TERJUAL]) -> 0 | G50: =IF(F50=0,"Kosong","Tersedia") -> Kosong
A52: ●●● | B52: Laptop = Flashdisk 16GB-32GB
A54: ●●● | B54: Smarthphone = Tempered Glass & Kartu Perdana
A56: ●●● | B56: Aksesoris = Merchandise Brand
A58: 8) Pembayaran secara Transfer Bank atau QRIS/E-Wallet, Status Pembayaran Lunas. Jika Cash, maka Belum Bayar
A60: 9) Hitung Jumlah Produk Terjual dari setiap produknya, kemudian Conditional Formatting jumlahnya dengan Data Bars (bebas)
A63: 10.A) Stok Akhir = Stok Awal - Jumlah Produk Terjual
A64: 10.B) Jika jumlah 0 maka Status Kosong (Conditional Formatting: Merah), dan Tersedia (Hijau) jika stok akhir masih terdapat sisa
A67: 11) Rapihkan tabel dengan mengaktifkan fitur Tabel
A68: 12) Aktifkan Freeze Panes dari D11

Sheet Jawaban
A1: TANGGAL PEMBELIAN | B1: ID PRODUK | C1: NAMA PRODUK | D1: KATEGORI PRODUK | E1: NAMA PEMBELI | F1: JUMLAH TERJUAL | G1: HARGA PRODUK | H1: HARGA TOTAL | I1: DISKON | J1: METODE PEMBAYARAN | K1: BIAYA ADMIN | L1: TOTAL KESELURUHAN | M1: BONUS | N1: STATUS PEMBAYARAN
A2: 45748 | B2: 001/LE/493/L | C2: =INDEX(Data_Acuan!$A$5:$F$10,MATCH(Jawaban!B2,Data_Acuan!$D$5:$D$10,0),2) -> Lenovo Idepad | D2: =INDEX(Data_Acuan!$A$5:$F$10,MATCH(Jawaban!B2,Data_Acuan!$D$5:$D$10,0),5) -> Laptop | E2: Lamianti Wulan | F2: 1 | G2: =INDEX(Data_Acuan!$A$5:$F$10,MATCH(Jawaban!B2,Data_Acuan!$D$5:$D$10,0),6) -> 8500000 | H2: =F2*G2 -> 8500000 | I2: =IF(AND(D2="Laptop",C2="Acer Aspire 5"),8%,IF(AND(D2="Smartphone",C2="Iphone 16 128GB"),6%,IF(AND(D2="Aksesoris",C2="AirPods Gen-2"),3%,0%))) -> 0 | J2: =IF(H2>=20000000,"Kartu Kredit/Debit",IF(H2>=10000000,"Transfer Bank",IF(H2>=5000000,"QRIS/E-Wallet","Cash"))) -> QRIS/E-Wallet | K2: =HLOOKUP(J2,Data_Acuan!$C$14:$F$15,2,0) -> 2500 | L2: =H2*(1-I2)+K2 -> 8502500 | M2: =IF(AND(D2="Laptop",F2>=3),"Flashdisk 16GB-32GB",IF(AND(D2="Smartphone",F2>=3),"Tempered Glass & Kartu Perdana",IF(AND(D2="Aksesoris",F2>=3),"Merchandise Brand","-"))) -> - | N2: =IF(OR(J2="Transfer Bank",J2="QRIS/E-Wallet"),"Lunas","Belum Bayar") -> Lunas
A3: 45749 | B3: 002/AC/448/L | C3: =INDEX(Data_Acuan!$A$5:$F$10,MATCH(Jawaban!B3,Data_Acuan!$D$5:$D$10,0),2) -> Acer Aspire 5 | D3: =INDEX(Data_Acuan!$A$5:$F$10,MATCH(Jawaban!B3,Data_Acuan!$D$5:$D$10,0),5) -> Laptop | E3: Melvin Indrawan | F3: 2 | G3: =INDEX(Data_Acuan!$A$5:$F$10,MATCH(Jawaban!B3,Data_Acuan!$D$5:$D$10,0),6) -> 9000000 | H3: =F3*G3 -> 18000000 | I3: =IF(AND(D3="Laptop",C3="Acer Aspire 5"),8%,IF(AND(D3="Smartphone",C3="Iphone 16 128GB"),6%,IF(AND(D3="Aksesoris",C3="AirPods Gen-2"),3%,0%))) -> 0.08 | J3: =IF(H3>=20000000,"Kartu Kredit/Debit",IF(H3>=10000000,"Transfer Bank",IF(H3>=5000000,"QRIS/E-Wallet","Cash"))) -> Transfer Bank | K3: =HLOOKUP(J3,Data_Acuan!$C$14:$F$15,2,0) -> 6500 | L3: =H3*(1-I3)+K3 -> 16566500 | M3: =IF(AND(D3="Laptop",F3>=3),"Flashdisk 16GB-32GB",IF(AND(D3="Smartphone",F3>=3),"Tempered Glass & Kartu Perdana",IF(AND(D3="Aksesoris",F3>=3),"Merchandise Brand","-"))) -> - | N3: =IF(OR(J3="Transfer Bank",J3="QRIS/E-Wallet"),"Lunas","Belum Bayar") -> Lunas
A4: 45750 | B4: 003/LO/736/A | C4: =INDEX(Data_Acuan!$A$5:$F$10,MATCH(Jawaban!B4,Data_Acuan!$D$5:$D$10,0),2) -> Logitech Mouse | D4: =INDEX(Data_Acuan!$A$5:$F$10,MATCH(Jawaban!B4,Data_Acuan!$D$5:$D$10,0),5) -> Aksesoris | E4: Susanti | F4: 3 | G4: =INDEX(Data_Acuan!$A$5:$F$10,MATCH(Jawaban!B4,Data_Acuan!$D$5:$D$10,0),6) -> 150000 | H4: =F4*G4 -> 450000 | I4: =IF(AND(D4="Laptop",C4="Acer Aspire 5"),8%,IF(AND(D4="Smartphone",C4="Iphone 16 128GB"),6%,IF(AND(D4="Aksesoris",C4="AirPods Gen-2"),3%,0%))) -> 0 | J4: =IF(H4>=20000000,"Kartu Kredit/Debit",IF(H4>=10000000,"Transfer Bank",IF(H4>=5000000,"QRIS/E-Wallet","Cash"))) -> Cash | K4: =HLOOKUP(J4,Data_Acuan!$C$14:$F$15,2,0) -> 0 | L4: =H4*(1-I4)+K4 -> 450000 | M4: =IF(AND(D4="Laptop",F4>=3),"Flashdisk 16GB-32GB",IF(AND(D4="Smartphone",F4>=3),"Tempered Glass & Kartu Perdana",IF(AND(D4="Aksesoris",F4>=3),"Merchandise Brand","-"))) -> Merchandise Brand | N4: =IF(OR(J4="Transfer Bank",J4="QRIS/E-Wallet"),"Lunas","Belum Bayar") -> Belum Bayar
A5: 45755 | B5: 004/AI/836/A | C5: =INDEX(Data_Acuan!$A$5:$F$10,MATCH(Jawaban!B5,Data_Acuan!$D$5:$D$10,0),2) -> AirPods Gen-2 | D5: =INDEX(Data_Acuan!$A$5:$F$10,MATCH(Jawaban!B5,Data_Acuan!$D$5:$D$10,0),5) -> Aksesoris | E5: Mawar Kumala | F5: 4 | G5: =INDEX(Data_Acuan!$A$5:$F$10,MATCH(Jawaban!B5,Data_Acuan!$D$5:$D$10,0),6) -> 1899000 | H5: =F5*G5 -> 7596000 | I5: =IF(AND(D5="Laptop",C5="Acer Aspire 5"),8%,IF(AND(D5="Smartphone",C5="Iphone 16 128GB"),6%,IF(AND(D5="Aksesoris",C5="AirPods Gen-2"),3%,0%))) -> 0.03 | J5: =IF(H5>=20000000,"Kartu Kredit/Debit",IF(H5>=10000000,"Transfer Bank",IF(H5>=5000000,"QRIS/E-Wallet","Cash"))) -> QRIS/E-Wallet | K5: =HLOOKUP(J5,Data_Acuan!$C$14:$F$15,2,0) -> 2500 | L5: =H5*(1-I5)+K5 -> 7370620 | M5: =IF(AND(D5="Laptop",F5>=3),"Flashdisk 16GB-32GB",IF(AND(D5="Smartphone",F5>=3),"Tempered Glass & Kartu Perdana",IF(AND(D5="Aksesoris",F5>=3),"Merchandise Brand","-"))) -> Merchandise Brand | N5: =IF(OR(J5="Transfer Bank",J5="QRIS/E-Wallet"),"Lunas","Belum Bayar") -> Lunas
A6: 45755 | B6: 005/SA/704/S | C6: =INDEX(Data_Acuan!$A$5:$F$10,MATCH(Jawaban!B6,Data_Acuan!$D$5:$D$10,0),2) -> Samsung A15 | D6: =INDEX(Data_Acuan!$A$5:$F$10,MATCH(Jawaban!B6,Data_Acuan!$D$5:$D$10,0),5) -> Smartphone | E6: Sari Intan | F6: 5 | G6: =INDEX(Data_Acuan!$A$5:$F$10,MATCH(Jawaban!B6,Data_Acuan!$D$5:$D$10,0),6) -> 2200000 | H6: =F6*G6 -> 11000000 | I6: =IF(AND(D6="Laptop",C6="Acer Aspire 5"),8%,IF(AND(D6="Smartphone",C6="Iphone 16 128GB"),6%,IF(AND(D6="Aksesoris",C6="AirPods Gen-2"),3%,0%))) -> 0 | J6: =IF(H6>=20000000,"Kartu Kredit/Debit",IF(H6>=10000000,"Transfer Bank",IF(H6>=5000000,"QRIS/E-Wallet","Cash"))) -> Transfer Bank | K6: =HLOOKUP(J6,Data_Acuan!$C$14:$F$15,2,0) -> 6500 | L6: =H6*(1-I6)+K6 -> 11006500 | M6: =IF(AND(D6="Laptop",F6>=3),"Flashdisk 16GB-32GB",IF(AND(D6="Smartphone",F6>=3),"Tempered Glass & Kartu Perdana",IF(AND(D6="Aksesoris",F6>=3),"Merchandise Brand","-"))) -> Tempered Glass & Kartu Perdana | N6: =IF(OR(J6="Transfer Bank",J6="QRIS/E-Wallet"),"Lunas","Belum Bayar") -> Lunas
A7: 45755 | B7: 006/IP/019/S | C7: =INDEX(Data_Acuan!$A$5:$F$10,MATCH(Jawaban!B7,Data_Acuan!$D$5:$D$10,0),2) -> Iphone 16 128GB | D7: =INDEX(Data_Acuan!$A$5:$F$10,MATCH(Jawaban!B7,Data_Acuan!$D$5:$D$10,0),5) -> Smartphone | E7: Mei Long | F7: 6 | G7: =INDEX(Data_Acuan!$A$5:$F$10,MATCH(Jawaban!B7,Data_Acuan!$D$5:$D$10,0),6) -> 14999000 | H7: =F7*G7 -> 89994000 | I7: =IF(AND(D7="Laptop",C7="Acer Aspire 5"),8%,IF(AND(D7="Smartphone",C7="Iphone 16 128GB"),6%,IF(AND(D7="Aksesoris",C7="AirPods Gen-2"),3%,0%))) -> 0.06 | J7: =IF(H7>=20000000,"Kartu Kredit/Debit",IF(H7>=10000000,"Transfer Bank",IF(H7>=5000000,"QRIS/E-Wallet","Cash"))) -> Kartu Kredit/Debit | K7: =HLOOKUP(J7,Data_Acuan!$C$14:$F$15,2,0) -> 5000 | L7: =H7*(1-I7)+K7 -> 84599360 | M7: =IF(AND(D7="Laptop",F7>=3),"Flashdisk 16GB-32GB",IF(AND(D7="Smartphone",F7>=3),"Tempered Glass & Kartu Perdana",IF(AND(D7="Aksesoris",F7>=3),"Merchandise Brand","-"))) -> Tempered Glass & Kartu Perdana | N7: =IF(OR(J7="Transfer Bank",J7="QRIS/E-Wallet"),"Lunas","Belum Bayar") -> Belum Bayar
A8: 45758 | B8: 006/IP/019/S | C8: =INDEX(Data_Acuan!$A$5:$F$10,MATCH(Jawaban!B8,Data_Acuan!$D$5:$D$10,0),2) -> Iphone 16 128GB | D8: =INDEX(Data_Acuan!$A$5:$F$10,MATCH(Jawaban!B8,Data_Acuan!$D$5:$D$10,0),5) -> Smartphone | E8: Liu Shishi | F8: 5 | G8: =INDEX(Data_Acuan!$A$5:$F$10,MATCH(Jawaban!B8,Data_Acuan!$D$5:$D$10,0),6) -> 14999000 | H8: =F8*G8 -> 74995000 | I8: =IF(AND(D8="Laptop",C8="Acer Aspire 5"),8%,IF(AND(D8="Smartphone",C8="Iphone 16 128GB"),6%,IF(AND(D8="Aksesoris",C8="AirPods Gen-2"),3%,0%))) -> 0.06 | J8: =IF(H8>=20000000,"Kartu Kredit/Debit",IF(H8>=10000000,"Transfer Bank",IF(H8>=5000000,"QRIS/E-Wallet","Cash"))) -> Kartu Kredit/Debit | K8: =HLOOKUP(J8,Data_Acuan!$C$14:$F$15,2,0) -> 5000 | L8: =H8*(1-I8)+K8 -> 70500300 | M8: =IF(AND(D8="Laptop",F8>=3),"Flashdisk 16GB-32GB",IF(AND(D8="Smartphone",F8>=3),"Tempered Glass & Kartu Perdana",IF(AND(D8="Aksesoris",F8>=3),"Merchandise Brand","-"))) -> Tempered Glass & Kartu Perdana | N8: =IF(OR(J8="Transfer Bank",J8="QRIS/E-Wallet"),"Lunas","Belum Bayar") -> Belum Bayar
A9: 45759 | B9: 002/AC/448/L | C9: =INDEX(Data_Acuan!$A$5:$F$10,MATCH(Jawaban!B9,Data_Acuan!$D$5:$D$10,0),2) -> Acer Aspire 5 | D9: =INDEX(Data_Acuan!$A$5:$F$10,MATCH(Jawaban!B9,Data_Acuan!$D$5:$D$10,0),5) -> Laptop | E9: Zhang Yunlong | F9: 3 | G9: =INDEX(Data_Acuan!$A$5:$F$10,MATCH(Jawaban!B9,Data_Acuan!$D$5:$D$10,0),6) -> 9000000 | H9: =F9*G9 -> 27000000 | I9: =IF(AND(D9="Laptop",C9="Acer Aspire 5"),8%,IF(AND(D9="Smartphone",C9="Iphone 16 128GB"),6%,IF(AND(D9="Aksesoris",C9="AirPods Gen-2"),3%,0%))) -> 0.08 | J9: =IF(H9>=20000000,"Kartu Kredit/Debit",IF(H9>=10000000,"Transfer Bank",IF(H9>=5000000,"QRIS/E-Wallet","Cash"))) -> Kartu Kredit/Debit | K9: =HLOOKUP(J9,Data_Acuan!$C$14:$F$15,2,0) -> 5000 | L9: =H9*(1-I9)+K9 -> 24845000 | M9: =IF(AND(D9="Laptop",F9>=3),"Flashdisk 16GB-32GB",IF(AND(D9="Smartphone",F9>=3),"Tempered Glass & Kartu Perdana",IF(AND(D9="Aksesoris",F9>=3),"Merchandise Brand","-"))) -> Flashdisk 16GB-32GB | N9: =IF(OR(J9="Transfer Bank",J9="QRIS/E-Wallet"),"Lunas","Belum Bayar") -> Belum Bayar
A10: 45760 | B10: 003/LO/736/A | C10: =INDEX(Data_Acuan!$A$5:$F$10,MATCH(Jawaban!B10,Data_Acuan!$D$5:$D$10,0),2) -> Logitech Mouse | D10: =INDEX(Data_Acuan!$A$5:$F$10,MATCH(Jawaban!B10,Data_Acuan!$D$5:$D$10,0),5) -> Aksesoris | E10: Cheng Xiao | F10: 2 | G10: =INDEX(Data_Acuan!$A$5:$F$10,MATCH(Jawaban!B10,Data_Acuan!$D$5:$D$10,0),6) -> 150000 | H10: =F10*G10 -> 300000 | I10: =IF(AND(D10="Laptop",C10="Acer Aspire 5"),8%,IF(AND(D10="Smartphone",C10="Iphone 16 128GB"),6%,IF(AND(D10="Aksesoris",C10="AirPods Gen-2"),3%,0%))) -> 0 | J10: =IF(H10>=20000000,"Kartu Kredit/Debit",IF(H10>=10000000,"Transfer Bank",IF(H10>=5000000,"QRIS/E-Wallet","Cash"))) -> Cash | K10: =HLOOKUP(J10,Data_Acuan!$C$14:$F$15,2,0) -> 0 | L10: =H10*(1-I10)+K10 -> 300000 | M10: =IF(AND(D10="Laptop",F10>=3),"Flashdisk 16GB-32GB",IF(AND(D10="Smartphone",F10>=3),"Tempered Glass & Kartu Perdana",IF(AND(D10="Aksesoris",F10>=3),"Merchandise Brand","-"))) -> - | N10: =IF(OR(J10="Transfer Bank",J10="QRIS/E-Wallet"),"Lunas","Belum Bayar") -> Belum Bayar
A11: 45763 | B11: 004/AI/836/A | C11: =INDEX(Data_Acuan!$A$5:$F$10,MATCH(Jawaban!B11,Data_Acuan!$D$5:$D$10,0),2) -> AirPods Gen-2 | D11: =INDEX(Data_Acuan!$A$5:$F$10,MATCH(Jawaban!B11,Data_Acuan!$D$5:$D$10,0),5) -> Aksesoris | E11: Meimei | F11: 2 | G11: =INDEX(Data_Acuan!$A$5:$F$10,MATCH(Jawaban!B11,Data_Acuan!$D$5:$D$10,0),6) -> 1899000 | H11: =F11*G11 -> 3798000 | I11: =IF(AND(D11="Laptop",C11="Acer Aspire 5"),8%,IF(AND(D11="Smartphone",C11="Iphone 16 128GB"),6%,IF(AND(D11="Aksesoris",C11="AirPods Gen-2"),3%,0%))) -> 0.03 | J11: =IF(H11>=20000000,"Kartu Kredit/Debit",IF(H11>=10000000,"Transfer Bank",IF(H11>=5000000,"QRIS/E-Wallet","Cash"))) -> Cash | K11: =HLOOKUP(J11,Data_Acuan!$C$14:$F$15,2,0) -> 0 | L11: =H11*(1-I11)+K11 -> 3684060 | M11: =IF(AND(D11="Laptop",F11>=3),"Flashdisk 16GB-32GB",IF(AND(D11="Smartphone",F11>=3),"Tempered Glass & Kartu Perdana",IF(AND(D11="Aksesoris",F11>=3),"Merchandise Brand","-"))) -> - | N11: =IF(OR(J11="Transfer Bank",J11="QRIS/E-Wallet"),"Lunas","Belum Bayar") -> Belum Bayar
A12: 45763 | B12: 006/IP/019/S | C12: =INDEX(Data_Acuan!$A$5:$F$10,MATCH(Jawaban!B12,Data_Acuan!$D$5:$D$10,0),2) -> Iphone 16 128GB | D12: =INDEX(Data_Acuan!$A$5:$F$10,MATCH(Jawaban!B12,Data_Acuan!$D$5:$D$10,0),5) -> Smartphone | E12: Gumawan Hidayat | F12: 1 | G12: =INDEX(Data_Acuan!$A$5:$F$10,MATCH(Jawaban!B12,Data_Acuan!$D$5:$D$10,0),6) -> 14999000 | H12: =F12*G12 -> 14999000 | I12: =IF(AND(D12="Laptop",C12="Acer Aspire 5"),8%,IF(AND(D12="Smartphone",C12="Iphone 16 128GB"),6%,IF(AND(D12="Aksesoris",C12="AirPods Gen-2"),3%,0%))) -> 0.06 | J12: =IF(H12>=20000000,"Kartu Kredit/Debit",IF(H12>=10000000,"Transfer Bank",IF(H12>=5000000,"QRIS/E-Wallet","Cash"))) -> Transfer Bank | K12: =HLOOKUP(J12,Data_Acuan!$C$14:$F$15,2,0) -> 6500 | L12: =H12*(1-I12)+K12 -> 14105560 | M12: =IF(AND(D12="Laptop",F12>=3),"Flashdisk 16GB-32GB",IF(AND(D12="Smartphone",F12>=3),"Tempered Glass & Kartu Perdana",IF(AND(D12="Aksesoris",F12>=3),"Merchandise Brand","-"))) -> - | N12: =IF(OR(J12="Transfer Bank",J12="QRIS/E-Wallet"),"Lunas","Belum Bayar") -> Lunas
A13: 45764 | B13: 006/IP/019/S | C13: =INDEX(Data_Acuan!$A$5:$F$10,MATCH(Jawaban!B13,Data_Acuan!$D$5:$D$10,0),2) -> Iphone 16 128GB | D13: =INDEX(Data_Acuan!$A$5:$F$10,MATCH(Jawaban!B13,Data_Acuan!$D$5:$D$10,0),5) -> Smartphone | E13: Nio Kusmandi | F13: 2 | G13: =INDEX(Data_Acuan!$A$5:$F$10,MATCH(Jawaban!B13,Data_Acuan!$D$5:$D$10,0),6) -> 14999000 | H13: =F13*G13 -> 29998000 | I13: =IF(AND(D13="Laptop",C13="Acer Aspire 5"),8%,IF(AND(D13="Smartphone",C13="Iphone 16 128GB"),6%,IF(AND(D13="Aksesoris",C13="AirPods Gen-2"),3%,0%))) -> 0.06 | J13: =IF(H13>=20000000,"Kartu Kredit/Debit",IF(H13>=10000000,"Transfer Bank",IF(H13>=5000000,"QRIS/E-Wallet","Cash"))) -> Kartu Kredit/Debit | K13: =HLOOKUP(J13,Data_Acuan!$C$14:$F$15,2,0) -> 5000 | L13: =H13*(1-I13)+K13 -> 28203120 | M13: =IF(AND(D13="Laptop",F13>=3),"Flashdisk 16GB-32GB",IF(AND(D13="Smartphone",F13>=3),"Tempered Glass & Kartu Perdana",IF(AND(D13="Aksesoris",F13>=3),"Merchandise Brand","-"))) -> - | N13: =IF(OR(J13="Transfer Bank",J13="QRIS/E-Wallet"),"Lunas","Belum Bayar") -> Belum Bayar
... A31: 45777 | B31: 003/LO/736/A | C31: =INDEX(Data_Acuan!$A$5:$F$10,MATCH(Jawaban!B31,Data_Acuan!$D$5:$D$10,0),2) -> Logitech Mouse | D31: =INDEX(Data_Acuan!$A$5:$F$10,MATCH(Jawaban!B31,Data_Acuan!$D$5:$D$10,0),5) -> Aksesoris | E31: Qiqi Wintiani | F31: 1 | G31: =INDEX(Data_Acuan!$A$5:$F$10,MATCH(Jawaban!B31,Data_Acuan!$D$5:$D$10,0),6) -> 150000 | H31: =F31*G31 -> 150000 | I31: =IF(AND(D31="Laptop",C31="Acer Aspire 5"),8%,IF(AND(D31="Smartphone",C31="Iphone 16 128GB"),6%,IF(AND(D31="Aksesoris",C31="AirPods Gen-2"),3%,0%))) -> 0 | J31: =IF(H31>=20000000,"Kartu Kredit/Debit",IF(H31>=10000000,"Transfer Bank",IF(H31>=5000000,"QRIS/E-Wallet","Cash"))) -> Cash | K31: =HLOOKUP(J31,Data_Acuan!$C$14:$F$15,2,0) -> 0 | L31: =H31*(1-I31)+K31 -> 150000 | M31: =IF(AND(D31="Laptop",F31>=3),"Flashdisk 16GB-32GB",IF(AND(D31="Smartphone",F31>=3),"Tempered Glass & Kartu Perdana",IF(AND(D31="Aksesoris",F31>=3),"Merchandise Brand","-"))) -> - | N31: =IF(OR(J31="Transfer Bank",J31="QRIS/E-Wallet"),"Lunas","Belum Bayar") -> Belum Bayar
A35: SOAL/INTRUKSI! | E35: JUMLAH PRODUK TERJUAL
A36: 1) Nama Produk, Kategori Produk, Harga Produk mengacu pada sheet "Data_Acuan" | E36: Lenovo Idepad | F36: =SUMIFS(F2:$F$31,C2:$C$31,E36) -> 13
E37: Acer Aspire 5 | F37: =SUMIFS(F3:$F$31,C3:$C$31,E37) -> 8
A38: 2) Harga Total = Jumlah Terjual*Harga Produk | E38: Logitech Mouse | F38: =SUMIFS(F4:$F$31,C4:$C$31,E38) -> 11
A39: 3) Diskon 8% untuk setiap pembelian produk Acer Aspire 5 dan kategori Laptop. Diskon 6% untuk setiap pemeblian produk Iphone 16 128GB dan kategori Smartphone. Diskon 3% untuk setiap pembelian produk AirPods Gen-2 dan kategori Aksesoris | E39: AirPods Gen-2 | F39: =SUMIFS(F5:$F$31,C5:$C$31,E39) -> 12
E40: Samsung A15 | F40: =SUMIFS(F6:$F$31,C6:$C$31,E40) -> 13
E41: Iphone 16 128GB | F41: =SUMIFS(F7:$F$31,C7:$C$31,E41) -> 15
E43: STOK AKHIR
A44: 4) Metode Pembayaran secara Kartu Kredit jika >=20000000; secara Transfer Bank jika >=10000000; secara QRIS/E-Wallet jika >=5000000; dan secara Cash jika <=5000000 | E44: NAMA PRODUK | F44: JUMLAH | G44: STATUS
E45: Lenovo Idepad | F45: =Data_Acuan!C5-Jawaban!F36 -> 2 | G45: =IF(F45=0,"Kosong","Tersedia") -> Tersedia
E46: Acer Aspire 5 | F46: =Data_Acuan!C6-Jawaban!F37 -> 12 | G46: =IF(F46=0,"Kosong","Tersedia") -> Tersedia
A47: 5) Biaya Admin mengacu pada sheet "Data_Acuan" | E47: Logitech Mouse | F47: =Data_Acuan!C7-Jawaban!F38 -> 0 | G47: =IF(F47=0,"Kosong","Tersedia") -> Kosong
A48: 6) Total Keseluruhan = Harga Total*(1-Diskon)+Biaya Admin | E48: AirPods Gen-2 | F48: =Data_Acuan!C8-Jawaban!F39 -> 1 | G48: =IF(F48=0,"Kosong","Tersedia") -> Tersedia
E49: Samsung A15 | F49: =Data_Acuan!C9-Jawaban!F40 -> 0 | G49: =IF(F49=0,"Kosong","Tersedia") -> Kosong
A50: 7) Setiap pembelian dari semua kategori produk dan lebih dari 3, maka: | E50: Iphone 16 128GB | F50: =Data_Acuan!C10-Jawaban!F41 -> 0 | G50: =IF(F50=0,"Kosong","Tersedia") -> Kosong
A52: ●●● | B52: Laptop = Flashdisk 16GB-32GB
A54: ●●● | B54: Smarthphone = Tempered Glass & Kartu Perdana
A56: ●●● | B56: Aksesoris = Merchandise Brand
A58: 8) Pembayaran secara Transfer Bank atau QRIS/E-Wallet, Status Pembayaran Lunas. Jika Cash, maka Belum Bayar
A60: 9) Hitung Jumlah Produk Terjual dari setiap produknya, kemudian Conditional Formatting jumlahnya dengan Data Bars (bebas)
A63: 10.A) Stok Akhir = Stok Awal - Jumlah Produk Terjual
A64: 10.B) Jika jumlah 0 maka Status Kosong (Conditional Formatting: Merah), dan Tersedia (Hijau) jika stok akhir masih terdapat sisa
A67: 11) Rapihkan tabel dengan mengaktifkan fitur Tabel
A68: 12) Aktifkan Freeze Panes dari D11
